tSchool;Schooljaar;slaagpct;examenkandidaten;geslaagden;ce_gem;se_gem;se_ce_verschil;ce_gem_duo;ce_grieks;ce_latijn;percentiel_slaag;percentiel_ce;percentiel_se;pct_wo;pct_hbo;pct_geen_bekostigd;totaal_gediplomeerden;leerlingen_totaal;leerlingen_groei_pct;pct_zittenblijvers;n_zittenblijvers;pct_afstromers;tevredenheid_ll;tevredenheid_ouders;sfeer;veiligheid;inspectie_oordeel;inspectie_obsnelheid_3jr;inspectie_bbsucces_3jr;inspectie_ce_3jr;inspectie_sece_3jr;inspectie_advies_3jr;leerling_leraar_ratio;fte_totaal;fte_onderwijzend;pct_schaal_lc;pct_schaal_ld;gem_loonsom_op;verzuimpct;meldfrequentie;brugjaar_bevorderd_pct;brugjaar_uitval_pct;n_examenvakken;has_grieks;has_latijn;n_deelnemers_grieks;n_deelnemers_latijn;klassieke_talen_deelname_pct;ses_woa;inkomen_gem_pctgrp;pct_inkomen_p80_100;vermogen_gem_pctgrp;welvaart_gem_pctgrp;pct_koopwoning;stedelijkheid;pct_migratie;pct_niet_westers;leefbaarheid;leefb_onveiligheid;leefb_sociaal;solvabiliteit;weerstandsvermogen;kapitalisatiefactor;eenpitter;pct_atheneum;gemengd;pct_meisjes;pct_natuur;afstroom_jongens;afstroom_meisjes
01. 13652-20AA-000;21-22;89,6;96;86;6,57;6,84;0,15;6,56;6,59;5,89;;;;73,3;2,3;20,9;86;767;;17,5;140;1,2;6,8;;8,1;;voldoende;81,05;90,9;6,64;0,07;9,9;16,7;62,8;45,4;32,7;29,7;4953,0;4,6;2,9;67,0;33,0;22;1;1;19;87;110,4;0,16;55,8;24,7;59,0;58,0;65,3;2,5;19,8;10,4;4,189;0,042;0,017;41,6;29,9;62,4;0;0,0;0;46,9;59,5;9,6;5,0
01. 13652-20AA-000;22-23;89,4;123;110;6,64;6,72;0,07;6,66;5,77;6,6;;;;72,7;1,8;25,5;110;758;-1,2;14,2;109;1,2;6,5;;7,6;;voldoende;81,05;90,9;6,64;0,07;9,9;18,0;55,7;38,4;41,8;29,8;5530,0;5,5;2,5;70,5;29,5;20;1;1;41;91;107,3;0,16;55,8;24,7;59,0;58,0;65,3;2,5;19,8;10,4;4,189;0,042;0,017;41,6;29,9;62,4;0;0,0;0;46,4;64,4;12,3;8,2
01. 13652-20AA-000;23-24;91,3;92;84;6,76;6,76;-0,0;6,74;6,7;6,5;50,0;35,0;46,0;70,2;3,6;22,6;84;690;-9,0;12,9;98;1,7;6,8;8,1;;9,5;voldoende;81,05;90,9;6,64;0,07;9,9;;;;;;;8,4;1,7;0,0;100,0;17;1;1;34;73;116,3;0,16;55,8;24,7;59,0;58,0;65,3;2,5;19,8;10,4;4,189;0,042;0,017;41,6;29,9;62,4;0;0,0;0;45,9;74,2;100,0;100,0
01. 13652-20AA-000;24-25;84,0;75;63;6,46;6,74;0,28;6,42;5,9;6,0;20,0;18,0;37,0;;;;;650;-5,8;11,9;82;0,9;;;;;voldoende;81,05;90,9;6,64;0,07;9,9;;;;;;;;;;;17;1;1;31;51;109,3;0,16;55,8;24,7;59,0;58,0;65,3;2,5;19,8;10,4;4,189;0,042;0,017;41,6;29,9;62,4;0;0,0;0;44,5;72,9;0,0;0,0
02. 41208-20CK-000;21-22;98,3;116;114;6,89;6,75;-0,18;6,87;6,78;6,22;;;;69,3;1,8;28,1;114;796;;5,9;47;0,6;7,1;;8,5;;voldoende;93,59;95,09;6,93;-0,27;1,96;18,2;61,1;46,0;45,1;33,9;5147,0;6,9;2,1;83,9;16,1;21;1;1;32;95;109,5;0,26;59,5;30,6;60,1;61,2;66,1;2,3;20,7;12,2;4,21;0,034;0,013;61,2;41,3;60,3;0;0,0;0;48,7;68,3;5,6;4,4
02. 41208-20CK-000;22-23;87,1;101;88;6,93;6,7;-0,27;6,89;6,67;6,53;;;;65,9;2,3;30,7;88;839;5,4;3,9;31;0,7;;;;;voldoende;93,59;95,09;6,93;-0,27;1,96;18,1;67,0;49,2;37,0;40,3;5648,0;5,1;1,4;87,4;12,6;22;1;1;19;94;111,9;0,26;59,5;30,6;60,1;61,2;66,1;2,3;20,7;12,2;4,21;0,034;0,013;61,2;41,3;60,3;0;0,0;0;48,2;66,5;4,8;5,2
02. 41208-20CK-000;23-24;95,2;104;99;7,13;6,84;-0,29;7,11;6,8;7,1;85,0;99,0;82,0;81,8;2,0;16,2;99;890;6,1;6,1;51;0,7;7,2;8,3;8,5;9,8;voldoende;93,59;95,09;6,93;-0,27;1,96;;;;;;;6,3;1,9;0,0;100,0;19;1;1;17;90;102,9;0,26;59,5;30,6;60,1;61,2;66,1;2,3;20,7;12,2;4,21;0,034;0,013;61,2;41,3;60,3;0;0,0;0;46,1;66,4;100,0;100,0
02. 41208-20CK-000;24-25;94,3;87;82;6,98;6,83;-0,15;6,96;7,6;6,3;73,0;89,0;56,0;;;;;941;5,7;5,4;49;1,1;;;;;voldoende;93,59;95,09;6,93;-0,27;1,96;;;;;;;;;;;18;1;1;30;67;111,5;0,26;59,5;30,6;60,1;61,2;66,1;2,3;20,7;12,2;4,21;0,034;0,013;61,2;41,3;60,3;0;0,0;0;44,8;71,8;0,0;0,0
03. 13556-21AB-000;21-22;99,2;119;118;6,81;6,86;-0,0;6,81;7,18;6,57;;;;48,3;0,0;51,7;118;800;;4,0;32;0,5;7,4;;8,6;8,8;voldoende;96,98;93,3;7,0;-0,19;0,51;16,7;66,2;48,1;21,9;56,7;5196,0;6,7;1,7;96,5;3,5;23;1;1;51;76;106,7;0,15;55,9;32,9;47,5;54,9;35,4;1,1;52,8;30,1;4,309;-0,079;-0,073;64,1;31,4;35,8;0;0,0;0;55,1;40,3;3,1;2,5
03. 13556-21AB-000;22-23;97,1;105;102;7,0;6,86;-0,19;6,92;7,32;7,5;;;;41,2;0,0;58,8;102;802;0,2;5,6;45;;7,3;;8,3;8,8;voldoende;96,98;93,3;7,0;-0,19;0,51;17,9;63,0;44,9;26,5;60,7;5876,0;3,3;1,6;86,7;13,3;21;1;1;60;60;114,3;0,15;55,9;32,9;47,5;54,9;35,4;1,1;52,8;30,1;4,309;-0,079;-0,073;64,1;31,4;35,8;0;0,0;0;54,6;40,6;5,8;4,3
03. 13556-21AB-000;23-24;91,1;112;102;7,08;6,66;-0,41;7,09;7,6;7,0;50,0;94,0;20,0;41,2;0,0;58,8;102;806;0,5;4,2;34;;7,0;8,7;8,2;9,2;voldoende;96,98;93,3;7,0;-0,19;0,51;;;;;;;4,6;1,4;0,0;100,0;18;1;1;51;79;116,1;0,15;55,9;32,9;47,5;54,9;35,4;1,1;52,8;30,1;4,309;-0,079;-0,073;64,1;31,4;35,8;0;0,0;0;53,8;39,8;100,0;100,0
03. 13556-21AB-000;24-25;91,7;109;100;6,88;6,62;-0,26;6,9;7,3;7,1;58,0;77,0;11,0;;;;;764;-5,2;5,3;43;;;;;;voldoende;96,98;93,3;7,0;-0,19;0,51;;;;;;;;;;;18;1;1;48;84;121,1;0,15;55,9;32,9;47,5;54,9;35,4;1,1;52,8;30,1;4,309;-0,079;-0,073;64,1;31,4;35,8;0;0,0;0;54,6;40,2;0,0;0,0
04. 40776-01ET-000;21-22;93,5;108;101;6,83;6,81;-0,05;6,85;6,46;5,91;;;;54,5;0,0;45,5;101;795;;5,8;46;0,6;6,6;;7,9;;voldoende;96,46;94,51;6,94;-0,12;-0,51;17,7;57,9;44,2;34,2;54,7;5470,0;6,7;2,0;89,7;10,3;22;1;1;37;78;106,5;0,21;58,7;36,3;51,9;58,6;40,5;1,2;51,5;27,8;4,33;-0,053;-0,064;;;;0;0,0;0;48,1;58,2;6,8;6,5
04. 40776-01ET-000;22-23;94,2;120;113;6,94;6,86;-0,12;6,98;6,51;6,84;;;;65,5;0,9;33,6;113;782;-1,6;6,5;52;0,8;6,4;8,0;7,9;9,3;voldoende;96,46;94,51;6,94;-0,12;-0,51;;;;;;;7,5;1,7;95,2;4,8;22;1;1;29;91;100,0;0,21;58,7;36,3;51,9;58,6;40,5;1,2;51,5;27,8;4,33;-0,053;-0,064;;;;0;0,0;0;46,0;55,4;4,3;3,6
04. 40776-01ET-000;23-24;91,8;110;101;6,94;6,83;-0,11;6,94;6,7;7,0;60,0;73,0;75,0;50,5;0,0;48,5;101;780;-0,3;2,9;23;;;;7,9;9,3;voldoende;96,46;94,51;6,94;-0,12;-0,51;;;;;;;6,2;1,6;0,0;100,0;19;1;1;29;80;99,1;0,21;58,7;36,3;51,9;58,6;40,5;1,2;51,5;27,8;4,33;-0,053;-0,064;;;;0;0,0;0;46,3;34,1;100,0;100,0
04. 40776-01ET-000;24-25;97,1;105;102;7,11;6,85;-0,26;7,14;7,4;6,6;93,0;99,0;82,0;;;;;749;-4,0;4,9;38;0,8;;;;;voldoende;96,46;94,51;6,94;-0,12;-0,51;;;;;;;;;;;19;1;1;50;60;104,8;0,21;58,7;36,3;51,9;58,6;40,5;1,2;51,5;27,8;4,33;-0,053;-0,064;;;;0;0,0;0;46,7;58,0;0,0;0,0
05. 13556-21AF-000;21-22;89,5;124;111;6,58;6,78;0,14;6,56;6,26;6,44;;;;52,3;0,9;46,8;111;845;;3,5;29;0,6;6,7;;7,8;9,5;voldoende;94,87;94,0;6,97;-0,07;-0,77;17,2;65,0;49,0;31,7;57,0;5505,0;5,9;2,6;90,7;9,3;21;1;1;49;80;104,0;0,19;57,7;35,0;50,4;57,4;39,4;1,2;53,7;30,7;4,31;-0,058;-0,065;64,1;31,4;35,8;0;0,0;0;49,1;57,5;4,2;2,4
05. 13556-21AF-000;22-23;91,3;127;116;6,97;6,98;-0,07;6,95;6,99;7,55;;;;50,9;2,6;44,8;116;843;-0,2;5,3;45;;6,4;;7,4;;voldoende;94,87;94,0;6,97;-0,07;-0,77;16,9;63,6;49,0;37,8;50,7;5998,0;6,2;1,3;93,1;6,9;20;1;1;27;108;106,3;0,19;57,7;35,0;50,4;57,4;39,4;1,2;53,7;30,7;4,31;-0,058;-0,065;64,1;31,4;35,8;0;0,0;0;50,1;62,0;5,2;5,5
05. 13556-21AF-000;23-24;95,5;133;127;7,05;6,88;-0,17;7,03;7,9;7,2;85,0;87,0;77,0;57,5;2,4;40,2;127;830;-1,5;6,3;53;0,8;6,5;8,1;7,5;9,3;voldoende;94,87;94,0;6,97;-0,07;-0,77;;;;;;;6,5;1,3;0,0;100,0;18;1;1;35;111;109,8;0,19;57,7;35,0;50,4;57,4;39,4;1,2;53,7;30,7;4,31;-0,058;-0,065;64,1;31,4;35,8;0;0,0;0;48,7;62,8;100,0;100,0
05. 13556-21AF-000;24-25;92,5;120;111;6,93;6,86;-0,07;6,89;7,0;6,7;58,0;75,0;73,0;;;;;837;0,8;3,7;31;1,7;;;;;voldoende;94,87;94,0;6,97;-0,07;-0,77;;;;;;;;;;;18;1;1;33;96;107,5;0,19;57,7;35,0;50,4;57,4;39,4;1,2;53,7;30,7;4,31;-0,058;-0,065;64,1;31,4;35,8;0;0,0;0;47,2;64,8;0,0;0,0
06. 42818-20QU-000;21-22;93,6;94;88;6,39;6,69;0,27;6,38;6,11;5,66;;;;72,7;2,3;25,0;88;605;;5,9;37;0,6;;;;;voldoende;97,32;91,21;6,58;0,02;5,84;19,5;31,4;29,6;11,8;42,1;5171,0;9,8;1,1;92,9;7,1;22;1;1;34;62;102,1;0,16;55,7;24,4;56,8;56,6;67,0;2,6;18,6;10,1;4,229;0,049;0,023;55,2;29,9;41,4;0;0,0;0;46,0;58,7;5,5;5,4
06. 42818-20QU-000;22-23;79,0;100;79;6,58;6,67;0,02;6,58;6,42;5,94;;;;77,2;2,5;20,3;79;576;-4,8;4,6;28;1,0;;;;;voldoende;97,32;91,21;6,58;0,02;5,84;17,8;34,5;32,3;23,0;39,3;5614,0;7,8;1,1;93,3;6,7;20;1;1;40;63;103,0;0,16;55,7;24,4;56,8;56,6;67,0;2,6;18,6;10,1;4,229;0,049;0,023;55,2;29,9;41,4;0;0,0;0;45,5;57,8;5,1;8,4
06. 42818-20QU-000;23-24;86,2;87;75;6,56;6,63;0,07;6,58;5,8;6,4;18,0;15,0;27,0;78,7;4,0;17,3;75;575;-0,2;7,8;45;2,1;;;;;voldoende;97,32;91,21;6,58;0,02;5,84;;;;;;;7,2;1,1;0,0;100,0;17;1;1;28;64;105,7;0,16;55,7;24,4;56,8;56,6;67,0;2,6;18,6;10,1;4,229;0,049;0,023;55,2;29,9;41,4;0;0,0;0;46,6;59,2;100,0;100,0
06. 42818-20QU-000;24-25;79,3;87;69;6,46;6,68;0,22;6,38;6,3;6,3;6,0;15,0;15,0;;;;;524;-8,9;7,8;45;;;;;;voldoende;97,32;91,21;6,58;0,02;5,84;;;;;;;;;;;17;1;1;45;49;108,0;0,16;55,7;24,4;56,8;56,6;67,0;2,6;18,6;10,1;4,229;0,049;0,023;55,2;29,9;41,4;0;0,0;0;43,9;66,2;0,0;0,0
07. 13554-20RM-000;21-22;90,4;135;122;6,61;6,61;-0,0;6,58;6,81;5,55;;;;59,0;4,9;35,2;122;815;;6,3;56;1,5;6,3;;7,5;9,5;voldoende;96,22;91,14;6,55;-0,17;0,57;16,6;61,0;45,1;28,9;36,9;5049,0;;;88,9;11,1;24;1;1;68;75;105,9;0,08;53,1;23,8;51,2;52,7;55,9;2,5;26,4;15,7;4,147;0,009;;46,9;28,4;35,6;0;0,0;0;50,3;63,3;6,2;4,4
07. 13554-20RM-000;22-23;81,0;137;111;6,55;6,43;-0,17;6,55;5,88;6,28;;;;65,8;3,6;29,7;111;747;-8,3;6,1;50;1,0;6,3;;7,4;;voldoende;96,22;91,14;6,55;-0,17;0,57;18,0;53,4;38,4;34,1;34,9;5628,0;5,6;0,9;92,6;7,4;25;1;1;65;80;105,8;0,08;53,1;23,8;51,2;52,7;55,9;2,5;26,4;15,7;4,147;0,009;;46,9;28,4;35,6;0;0,0;0;49,3;66,9;7,1;6,2
07. 13554-20RM-000;23-24;82,4;119;98;6,55;6,38;-0,17;6,56;6,3;5,9;7,0;13,0;1,0;68,4;5,1;25,5;98;690;-7,6;10,6;80;0,7;6,2;7,6;7,3;9,2;voldoende;96,22;91,14;6,55;-0,17;0,57;;;;;;;5,0;0,9;0,0;100,0;18;1;1;33;91;104,2;0,08;53,1;23,8;51,2;52,7;55,9;2,5;26,4;15,7;4,147;0,009;;46,9;28,4;35,6;0;0,0;0;48,3;68,3;100,0;100,0
07. 13554-20RM-000;24-25;83,5;109;91;6,58;6,69;0,11;6,57;6,0;5,8;13,0;27,0;27,0;;;;;592;-14,2;8,0;57;1,4;;;;;voldoende;96,22;91,14;6,55;-0,17;0,57;;;;;;;;;;;18;1;1;43;72;105,5;0,08;53,1;23,8;51,2;52,7;55,9;2,5;26,4;15,7;4,147;0,009;;46,9;28,4;35,6;0;0,0;0;48,6;70,5;0,0;0,0
08. 41211-02FY-007;21-22;97,6;41;40;6,38;6,86;0,44;6,48;4,95;5,84;;;;82,5;10,0;7,5;40;367;;3,1;16;3,7;6,4;;7,6;9,1;geen oordeel;;;6,78;0,25;;14,8;204,7;133,0;32,2;25,3;4801,0;5,9;1,5;89,1;10,9;19;1;1;19;39;141,5;0,06;52,3;20,0;52,8;52,1;66,3;3,0;22,9;11,2;4,079;-0,003;0,012;36,1;34,9;44,4;0;55,6;1;49,0;67,4;9,1;10,0
08. 41211-02FY-007;22-23;80,7;83;67;6,78;7,04;0,25;6,52;6,24;6,97;;;;70,0;7,1;22,9;70;341;-7,1;2,2;11;1,4;;;;;geen oordeel;;;6,78;0,25;;15,2;193,5;123,7;31,8;24,2;5319,0;5,7;1,1;91,1;8,9;19;1;1;14;33;56,6;0,06;52,3;20,0;52,8;52,1;66,3;3,0;22,9;11,2;4,079;-0,003;0,012;36,1;34,9;44,4;0;55,6;1;49,0;65,7;12,1;10,2
08. 41211-02FY-007;23-24;87,8;82;72;6,77;7,11;0,34;6,5;8,2;6,8;42,0;39,0;99,0;62,7;18,1;18,1;83;306;-10,3;9,1;31;1,5;5,8;7,0;6,6;9,1;geen oordeel;;;6,78;0,25;;;;;;;;7,5;1,2;0,0;100,0;17;1;1;7;45;63,4;0,06;52,3;20,0;52,8;52,1;66,3;3,0;22,9;11,2;4,079;-0,003;0,012;36,1;34,9;44,4;0;55,6;1;50,0;67,3;100,0;100,0
08. 41211-02FY-007;24-25;76,1;88;67;6,29;6,76;0,47;6,24;7,0;6,0;1,0;6,0;58,0;;;;;195;-36,3;7,2;22;6,0;;;;;geen oordeel;;;6,78;0,25;;;;;;;;;;;;17;1;1;11;47;65,9;0,06;52,3;20,0;52,8;52,1;66,3;3,0;22,9;11,2;4,079;-0,003;0,012;36,1;34,9;44,4;0;55,6;1;59,0;;0,0;0,0
09. 42992-03AM-000;21-22;92,3;155;143;6,4;6,71;0,26;6,39;5,84;5,37;;;;65,7;5,6;28,7;143;890;;8,2;78;0,2;6,9;;8,2;;onvoldoende, tenzij;93,77;93,27;6,78;-0,13;0,27;16,2;73,1;51,1;41,3;44,9;5307,0;5,8;2,0;85,1;14,9;22;1;1;31;125;100,6;0,24;58,6;30,1;59,3;60,5;66,0;2,4;22,6;11,2;4,195;0,021;0,011;26,1;8,0;30,4;0;0,0;0;52,4;45,1;6,1;3,6
09. 42992-03AM-000;22-23;85,8;141;121;6,78;6,69;-0,13;6,78;6,01;6,15;;;;62,8;5,8;31,4;121;829;-6,9;5,9;53;1,3;6,9;;8,1;;onvoldoende, tenzij;93,77;93,27;6,78;-0,13;0,27;17,4;65,3;42,5;37,2;43,9;5864,0;4,6;1,1;88,7;11,3;22;1;1;22;123;102,8;0,24;58,6;30,1;59,3;60,5;66,0;2,4;22,6;11,2;4,195;0,021;0,011;26,1;8,0;30,4;0;0,0;0;53,0;45,1;6,4;6,2
09. 42992-03AM-000;23-24;97,3;148;144;6,86;6,7;-0,16;6,86;7,1;6,4;95,0;58,0;39,0;61,8;3,5;34,7;144;738;-11,0;5,5;46;1,8;6,9;8,1;;9,4;onvoldoende, tenzij;93,77;93,27;6,78;-0,13;0,27;;;;;;;8,6;1,2;0,0;100,0;18;1;1;18;128;98,6;0,24;58,6;30,1;59,3;60,5;66,0;2,4;22,6;11,2;4,195;0,021;0,011;26,1;8,0;30,4;0;0,0;0;52,7;44,4;100,0;100,0
09. 42992-03AM-000;24-25;88,2;127;112;6,79;6,93;0,14;6,73;7,0;6,4;35,0;46,0;80,0;;;;;691;-6,4;4,3;32;0,8;;;;;onvoldoende, tenzij;93,77;93,27;6,78;-0,13;0,27;;;;;;;;;;;18;1;1;9;120;101,6;0,24;58,6;30,1;59,3;60,5;66,0;2,4;22,6;11,2;4,195;0,021;0,011;26,1;8,0;30,4;0;0,0;0;51,1;57,1;0,0;0,0
10. 40856-02QP-000;21-22;90,7;54;49;6,47;6,77;0,17;6,41;5,48;5,6;;;;79,6;10,2;10,2;49;429;;9,8;43;1,4;6,5;;7,5;9,1;voldoende;91,43;88,24;6,86;-0,2;15,53;14,4;35,8;27,7;43,1;30,2;5127,0;1,4;0,8;88,0;12,0;21;1;1;19;42;113,0;0,13;53,1;19,7;58,6;55,7;71,1;3,6;17,3;6,7;4,134;0,056;0,037;46,9;26,3;54,0;0;0,0;0;44,1;55,8;9,6;11,6
10. 40856-02QP-000;22-23;81,2;48;39;6,86;6,76;-0,2;6,92;6,88;6,3;;;;69,2;15,4;15,4;39;398;-7,2;12,6;54;2,1;6,6;;7,6;9,2;voldoende;91,43;88,24;6,86;-0,2;15,53;14,9;31,5;24,6;43,1;34,7;5758,0;2,8;0,8;80,3;19,7;21;1;1;11;41;108,3;0,13;53,1;19,7;58,6;55,7;71,1;3,6;17,3;6,7;4,134;0,056;0,037;46,9;26,3;54,0;0;0,0;0;43,5;50,0;10,2;8,1
10. 40856-02QP-000;23-24;88,5;52;46;6,86;6,65;-0,21;6,84;6,4;6,0;26,0;54,0;25,0;69,6;10,9;19,6;46;367;-7,8;10,0;40;1,8;6,3;7,7;7,5;9,3;voldoende;91,43;88,24;6,86;-0,2;15,53;;;;;;;2,9;1,1;0,0;100,0;17;1;1;19;38;109,6;0,13;53,1;19,7;58,6;55,7;71,1;3,6;17,3;6,7;4,134;0,056;0,037;46,9;26,3;54,0;0;0,0;0;44,7;43,8;100,0;100,0
10. 40856-02QP-000;24-25;88,1;59;52;6,72;6,71;-0,01;6,69;6,0;6,2;35,0;37,0;35,0;;;;;291;-20,7;7,6;28;1,4;;;;;voldoende;91,43;88,24;6,86;-0,2;15,53;;;;;;;;;;;18;1;1;17;48;110,2;0,13;53,1;19,7;58,6;55,7;71,1;3,6;17,3;6,7;4,134;0,056;0,037;46,9;26,3;54,0;0;0,0;0;42,3;40,9;0,0;0,0
11. 41513-20KZ-000;21-22;94,8;135;128;6,51;6,8;0,21;6,49;5,4;5,35;;;;86,7;3,9;9,4;128;767;;5,6;43;1,2;6,6;;;;voldoende;93,18;91,13;6,75;0,18;6,61;15,1;64,3;47,7;31,3;48,1;5132,0;3,4;2,2;91,2;8,8;21;1;1;46;101;108,9;0,1;54,2;22,8;52,6;53,3;63,9;2,0;24,5;14,9;4,111;;-0,005;39,7;25,2;48,6;1;0,0;0;48,9;60,5;4,3;4,3
11. 41513-20KZ-000;22-23;93,9;115;108;6,75;6,93;0,18;6,71;6,92;6,29;;;;80,6;3,7;15,7;108;722;-5,9;9,4;72;0,9;;;;;voldoende;93,18;91,13;6,75;0,18;6,61;17,2;63,1;43,7;30,4;47,0;5615,0;3,8;1,3;89,8;10,2;21;1;1;28;97;108,7;0,1;54,2;22,8;52,6;53,3;63,9;2,0;24,5;14,9;4,111;;-0,005;39,7;25,2;48,6;1;0,0;0;47,4;58,0;6,3;3,8
11. 41513-20KZ-000;23-24;89,4;94;84;6,67;6,78;0,11;6,66;5,6;6,0;35,0;27,0;68,0;79,8;0,0;20,2;84;750;3,9;7,9;57;1,7;6,6;8,6;;9,5;voldoende;93,18;91,13;6,75;0,18;6,61;;;;;;;4,3;1,6;0,0;100,0;18;1;1;32;66;104,3;0,1;54,2;22,8;52,6;53,3;63,9;2,0;24,5;14,9;4,111;;-0,005;39,7;25,2;48,6;1;0,0;0;45,9;61,9;100,0;100,0
11. 41513-20KZ-000;24-25;83,3;84;70;6,37;6,76;0,4;6,34;5,9;5,6;13,0;11,0;68,0;;;;;799;6,5;6,5;49;1,2;;;;;voldoende;93,18;91,13;6,75;0,18;6,61;;;;;;;;;;;17;1;1;18;72;107,1;0,1;54,2;22,8;52,6;53,3;63,9;2,0;24,5;14,9;4,111;;-0,005;39,7;25,2;48,6;1;0,0;0;44,6;64,4;0,0;0,0
13. 41386-19ZU-000;21-22;95,1;103;98;6,63;6,89;0,19;6,56;6,74;5,0;;;;73,8;6,8;19,4;103;674;;6,0;42;1,0;6,5;;;;voldoende;96,7;90,81;6,55;0,12;3,92;17,7;47,2;36,5;35,6;43,0;5145,0;7,4;1,2;95,1;4,9;21;1;1;49;75;120,4;0,15;55,2;23,5;54,9;55,3;62,9;3,4;16,3;9,5;4,103;0,047;0,015;66,5;33,2;39,6;0;0,0;0;47,3;61,5;3,9;4,7
13. 41386-19ZU-000;22-23;83,1;89;74;6,55;6,74;0,12;6,49;6,22;6,06;;;;78,4;2,7;17,6;74;648;-3,9;5,8;39;1,5;;;;;voldoende;96,7;90,81;6,55;0,12;3,92;18,6;46,4;34,8;40,0;43,0;5747,0;3,8;1,1;96,4;3,6;21;1;1;50;44;105,6;0,15;55,2;23,5;54,9;55,3;62,9;3,4;16,3;9,5;4,103;0,047;0,015;66,5;33,2;39,6;0;0,0;0;46,1;62,1;6,6;6,7
13. 41386-19ZU-000;23-24;83,6;110;92;6,63;6,66;0,03;6,61;6,6;5,9;14,0;25,0;15,0;72,8;9,8;15,2;92;648;0,0;7,8;51;1,4;;;;;voldoende;96,7;90,81;6,55;0,12;3,92;;;;;;;3,0;1,4;0,0;100,0;18;1;1;39;77;105,5;0,15;55,2;23,5;54,9;55,3;62,9;3,4;16,3;9,5;4,103;0,047;0,015;66,5;33,2;39,6;0;0,0;0;44,8;57,8;100,0;100,0
13. 41386-19ZU-000;24-25;86,9;84;73;6,53;6,61;0,08;6,54;6,0;6,4;30,0;25,0;4,0;;;;;569;-12,2;7,9;51;1,4;;;;;voldoende;96,7;90,81;6,55;0,12;3,92;;;;;;;;;;;18;1;1;39;54;110,7;0,15;55,2;23,5;54,9;55,3;62,9;3,4;16,3;9,5;4,103;0,047;0,015;66,5;33,2;39,6;0;0,0;0;46,0;61,6;0,0;0,0
14. 41525-20AI-000;21-22;93,9;99;93;6,5;6,87;0,17;6,49;6,27;5,82;;;;80,6;1,1;17,2;93;701;;7,2;51;0,8;6,7;;7,7;;voldoende;96,53;92,72;6,56;0,01;-1,58;15,1;64,6;43,4;35,9;40,8;5068,0;6,2;1,5;87,7;12,3;21;1;1;73;28;102,0;0,14;55,0;24,1;55,0;55,3;62,3;2,5;21,4;13,0;4,12;0,005;;59,3;30,0;50,7;0;0,0;0;43,7;69,5;9,1;5,6
14. 41525-20AI-000;22-23;85,9;92;79;6,56;6,74;0,01;6,56;6,52;6,26;;;;75,9;2,5;21,5;79;655;-6,6;6,3;44;1,9;7,1;;;;voldoende;96,53;92,72;6,56;0,01;-1,58;16,4;56,2;39,7;40,4;39,8;5581,0;5,2;1,6;93,2;6,8;22;1;1;53;44;105,4;0,14;55,0;24,1;55,0;55,3;62,3;2,5;21,4;13,0;4,12;0,005;;59,3;30,0;50,7;0;0,0;0;45,5;68,1;5,3;5,4
14. 41525-20AI-000;23-24;87,0;131;114;6,59;6,59;-0,0;6,6;6,4;6,3;20,0;23,0;13,0;80,7;3,5;15,8;114;653;-0,3;4,9;32;1,5;7,0;8,4;7,7;9,4;voldoende;96,53;92,72;6,56;0,01;-1,58;;;;;;;;;0,0;100,0;18;1;1;87;48;103,1;0,14;55,0;24,1;55,0;55,3;62,3;2,5;21,4;13,0;4,12;0,005;;59,3;30,0;50,7;0;0,0;0;46,7;66,1;100,0;100,0
14. 41525-20AI-000;24-25;91,2;91;83;6,71;6,72;0,02;6,7;6,8;6,4;49,0;42,0;30,0;;;;;628;-3,8;3,4;22;1,8;;;;;voldoende;96,53;92,72;6,56;0,01;-1,58;;;;;;;;;;;17;1;1;45;49;103,3;0,14;55,0;24,1;55,0;55,3;62,3;2,5;21,4;13,0;4,12;0,005;;59,3;30,0;50,7;0;0,0;0;47,5;69,9;0,0;0,0
15. 41360-20LU-000;21-22;93,3;119;111;6,75;7,01;0,24;6,76;6,98;6,81;;;;77,5;0,9;21,6;111;839;;8,0;66;0,0;6,7;;;;voldoende;96,14;94,04;7,19;-0,18;-1,54;17,1;61,2;48,3;33,4;48,7;5275,0;9,2;1,3;87,8;12,2;21;1;1;37;88;105,0;0,09;54,2;28,8;52,0;54,8;49,4;1,2;55,9;35,6;4,261;-0,057;-0,046;49,1;25,4;46,6;0;0,0;0;48,7;55,9;8,8;5,9
15. 41360-20LU-000;22-23;95,2;124;118;7,19;7,02;-0,18;7,22;7,37;7,91;;;;72,9;4,2;22,9;118;828;-1,3;6,0;50;1,3;6,6;;7,6;9,4;voldoende;96,14;94,04;7,19;-0,18;-1,54;17,5;59,6;46,5;24,7;53,0;5679,0;5,8;1,4;89,1;10,9;21;1;1;48;82;104,8;0,09;54,2;28,8;52,0;54,8;49,4;1,2;55,9;35,6;4,261;-0,057;-0,046;49,1;25,4;46,6;0;0,0;0;48,4;57,4;8,2;5,5
15. 41360-20LU-000;23-24;88,8;116;103;6,95;6,89;-0,05;6,95;7,0;7,3;35,0;75,0;89,0;71,8;1,0;26,2;103;813;-1,8;4,8;40;0,6;7,0;8,4;;9,4;voldoende;96,14;94,04;7,19;-0,18;-1,54;;;;;;;3,6;1,5;0,0;100,0;18;1;1;56;65;104,3;0,09;54,2;28,8;52,0;54,8;49,4;1,2;55,9;35,6;4,261;-0,057;-0,046;49,1;25,4;46,6;0;0,0;0;48,5;56,1;100,0;100,0
15. 41360-20LU-000;24-25;91,3;115;105;6,98;6,97;-0,01;6,94;6,9;7,9;49,0;85,0;92,0;;;;;762;-6,3;5,3;43;0,9;;;;;voldoende;96,14;94,04;7,19;-0,18;-1,54;;;;;;;;;;;18;1;1;48;76;107,8;0,09;54,2;28,8;52,0;54,8;49,4;1,2;55,9;35,6;4,261;-0,057;-0,046;49,1;25,4;46,6;0;0,0;0;47,9;64,3;0,0;0,0
16. 33944-02DQ-000;21-22;95,9;122;117;6,84;6,93;0,05;6,86;6,09;6,32;;;;67,5;0,9;31,6;117;792;;2,7;21;0,4;6,8;;7,9;;voldoende;97,3;93,95;7,09;-0,17;-1,55;15,5;63,9;48,8;38,7;50,5;5344,0;6,7;1,3;92,5;7,5;24;1;1;43;96;113,9;0,34;64,0;42,2;64,8;67,5;59,8;1,3;45,9;21,4;4,431;0,014;-0,019;55,6;19,6;15,0;1;0,0;0;51,0;58,7;4,6;5,0
16. 33944-02DQ-000;22-23;98,3;119;117;7,09;6,96;-0,17;7,11;6,47;6,93;;;;65,0;0,9;32,5;117;755;-4,7;5,6;44;;6,7;8,4;7,9;9,4;voldoende;97,3;93,95;7,09;-0,17;-1,55;17,1;60,1;45,5;39,0;49,3;5919,0;4,3;2,0;94,9;5,1;23;1;1;50;86;114,3;0,34;64,0;42,2;64,8;67,5;59,8;1,3;45,9;21,4;4,431;0,014;-0,019;55,6;19,6;15,0;1;0,0;0;50,1;63,2;3,2;4,8
16. 33944-02DQ-000;23-24;97,1;103;100;7,13;6,93;-0,21;7,09;7,2;6,6;95,0;92,0;94,0;56,0;4,0;40,0;100;780;3,3;2,5;19;0,8;;;7,9;9,4;voldoende;97,3;93,95;7,09;-0,17;-1,55;;;;;;;5,7;1,0;0,0;100,0;18;1;1;38;67;101,9;0,34;64,0;42,2;64,8;67,5;59,8;1,3;45,9;21,4;4,431;0,014;-0,019;55,6;19,6;15,0;1;0,0;0;48,8;62,1;100,0;100,0
16. 33944-02DQ-000;24-25;97,4;114;111;6,97;6,97;-0,01;6,95;7,7;6,7;93,0;87,0;94,0;;;;;788;1,0;2,6;20;;;;;;voldoende;97,3;93,95;7,09;-0,17;-1,55;;;;;;;;;;;18;1;1;25;92;102,6;0,34;64,0;42,2;64,8;67,5;59,8;1,3;45,9;21,4;4,431;0,014;-0,019;55,6;19,6;15,0;1;0,0;0;49,0;55,7;0,0;0,0
17. 42510-20BV-000;21-22;92,6;122;113;6,6;6,91;0,24;6,62;6,06;5,44;;;;57,5;2,7;39,8;113;813;;7,0;59;0,7;7,2;;8,1;9,6;voldoende;96,14;90,38;6,48;0,2;2,11;17,4;64,6;44,9;27,0;40,7;5044,0;4,0;2,0;89,4;10,6;22;1;1;36;90;103,3;0,12;52,0;22,2;50,3;51,7;54,1;2,4;23,7;11,7;4,187;0,019;0,008;;;;0;0,0;0;48,3;68,6;7,9;4,8
17. 42510-20BV-000;22-23;82,5;103;85;6,48;6,8;0,2;6,47;5,11;5,96;;;;65,9;3,5;30,6;85;782;-3,8;6,9;56;1,2;7,3;;8,2;;voldoende;96,14;90,38;6,48;0,2;2,11;;;;;;;;;92,6;7,4;22;1;1;22;90;108,7;0,12;52,0;22,2;50,3;51,7;54,1;2,4;23,7;11,7;4,187;0,019;0,008;;;;0;0,0;0;48,3;70,8;6,4;5,6
17. 42510-20BV-000;23-24;89,9;138;124;6,72;6,75;0,02;6,75;6,1;6,5;42,0;37,0;51,0;62,9;4,8;31,5;124;784;0,3;8,0;63;1,0;7,1;8,1;7,9;9,3;voldoende;96,14;90,38;6,48;0,2;2,11;;;;;;;4,9;0,9;0,0;100,0;18;1;1;62;83;105,1;0,12;52,0;22,2;50,3;51,7;54,1;2,4;23,7;11,7;4,187;0,019;0,008;;;;0;0,0;0;47,2;68,7;100,0;100,0
17. 42510-20BV-000;24-25;83,9;118;99;6,47;6,71;0,24;6,48;6,2;6,3;20,0;20,0;32,0;;;;;744;-5,1;5,3;42;1,1;;;;;voldoende;96,14;90,38;6,48;0,2;2,11;;;;;;;;;;;19;1;1;41;85;106,8;0,12;52,0;22,2;50,3;51,7;54,1;2,4;23,7;11,7;4,187;0,019;0,008;;;;0;0,0;0;43,4;65,4;0,0;0,0
18. 31240-02CR-000;21-22;95,8;119;114;6,77;6,94;-0,01;6,75;6,8;5,92;;;;69,3;7,0;23,7;114;728;;7,9;58;1,8;7,1;;8,1;9,5;onvoldoende, tenzij;94,29;92,34;6,94;-0,08;-2,51;15,0;60,1;45,1;27,7;38,6;5055,0;4,2;2,5;89,7;10,3;21;1;1;28;98;105,9;0,2;55,3;25,3;55,6;55,9;62,1;3,0;20,8;10,2;4,208;0,046;0,024;61,4;56,3;58,5;1;0,4;0;46,3;57,4;5,1;5,6
18. 31240-02CR-000;22-23;96,8;95;92;6,94;7,02;-0,08;6,95;5,81;7,03;;;;60,9;7,6;31,5;92;674;-7,4;7,0;51;1,2;7,1;;;9,3;onvoldoende, tenzij;94,29;92,34;6,94;-0,08;-2,51;14,9;61,6;46,2;26,2;36,1;5475,0;4,8;2,3;97,0;3,0;21;1;1;18;82;105,3;0,2;55,3;25,3;55,6;55,9;62,1;3,0;20,8;10,2;4,208;0,046;0,024;61,4;56,3;58,5;1;0,4;0;45,4;56,1;4,1;3,9
18. 31240-02CR-000;23-24;92,2;102;94;6,93;6,9;-0,03;6,92;6,9;7,2;60,0;70,0;87,0;58,5;6,4;33,0;94;690;2,4;5,9;40;1,0;7,1;8,6;8,2;9,4;onvoldoende, tenzij;94,29;92,34;6,94;-0,08;-2,51;;;;;;;6,6;2,2;0,0;100,0;18;1;1;23;88;108,8;0,2;55,3;25,3;55,6;55,9;62,1;3,0;20,8;10,2;4,208;0,046;0,024;61,4;56,3;58,5;1;0,4;0;43,6;56,7;100,0;100,0
18. 31240-02CR-000;24-25;96,4;84;81;7,05;7,17;0,11;7,04;7,7;7,0;83,0;96,0;99,0;;;;;707;2,5;5,5;38;1,7;;;;;onvoldoende, tenzij;94,29;92,34;6,94;-0,08;-2,51;;;;;;;;;;;17;1;1;20;70;107,1;0,2;55,3;25,3;55,6;55,9;62,1;3,0;20,8;10,2;4,208;0,046;0,024;61,4;56,3;58,5;1;0,4;0;43,8;62,0;0,0;0,0
19. 13556-20QY-000;21-22;96,8;157;152;6,79;6,82;-0,01;6,8;6,31;6,19;;;;55,9;1,3;42,8;152;842;;3,1;26;0,5;6,7;;8,1;;voldoende;98,07;92,96;7,01;-0,28;-0,93;15,9;70,3;51,6;24,4;57,0;5309,0;8,7;1,9;96,0;4,0;23;1;1;65;96;102,5;0,35;64,5;41,6;68,9;69,5;65,3;2,0;30,7;15,0;4,313;0,027;0,002;64,1;31,4;35,8;0;0,0;0;48,2;61,3;5,5;3,0
19. 13556-20QY-000;22-23;91,5;117;107;7,01;6,76;-0,28;7,0;7,14;6,86;;;;62,6;0,0;37,4;107;822;-2,4;3,7;31;0,7;6,8;;8,1;;voldoende;98,07;92,96;7,01;-0,28;-0,93;16,3;71,5;50,4;21,6;61,9;5941,0;6,3;1,3;93,3;6,7;23;1;1;28;100;109,4;0,35;64,5;41,6;68,9;69,5;65,3;2,0;30,7;15,0;4,313;0,027;0,002;64,1;31,4;35,8;0;0,0;0;47,8;60,1;3,5;3,3
19. 13556-20QY-000;23-24;94,4;108;102;7,03;6,8;-0,23;7,02;7,1;6,8;74,0;85,0;70,0;52,9;1,0;46,1;102;823;0,1;4,5;37;0,6;6,8;8,3;8,1;9,3;voldoende;98,07;92,96;7,01;-0,28;-0,93;;;;;;;3,9;1,3;0,0;100,0;19;1;1;51;63;105,6;0,35;64,5;41,6;68,9;69,5;65,3;2,0;30,7;15,0;4,313;0,027;0,002;64,1;31,4;35,8;0;0,0;0;47,5;55,1;100,0;100,0
19. 13556-20QY-000;24-25;95,2;126;120;6,91;6,81;-0,1;6,92;6,8;6,5;77,0;80,0;70,0;;;;;842;2,3;1,8;15;0,6;;;;;voldoende;98,07;92,96;7,01;-0,28;-0,93;;;;;;;;;;;19;1;1;56;79;107,1;0,35;64,5;41,6;68,9;69,5;65,3;2,0;30,7;15,0;4,313;0,027;0,002;64,1;31,4;35,8;0;0,0;0;46,2;49,6;0,0;0,0
21. 13556-02DW-000;21-22;95,7;94;90;6,4;6,74;0,28;6,37;5,43;5,23;;;;73,3;8,9;15,6;90;608;;6,8;43;2,1;;;8,2;9,6;voldoende;96,28;90,55;6,72;-0,08;7,17;16,9;48,3;32,8;29,6;48,2;5196,0;5,6;1,8;90,7;9,3;19;1;1;36;71;113,8;0,2;56,4;23,4;61,8;59,7;71,5;3,6;15,3;6,8;4,188;0,068;0,041;64,1;31,4;35,8;0;0,0;0;47,0;61,8;4,7;7,3
21. 13556-02DW-000;22-23;87,7;81;71;6,72;6,71;-0,08;6,69;6,07;5,96;;;;70,4;16,9;12,7;71;555;-8,7;9,4;57;1,3;7,2;;8,3;8,7;voldoende;96,28;90,55;6,72;-0,08;7,17;17,1;49,0;32,2;24,7;45,8;5663,0;3,5;1,5;92,4;7,6;20;1;1;18;63;100,0;0,2;56,4;23,4;61,8;59,7;71,5;3,6;15,3;6,8;4,188;0,068;0,041;64,1;31,4;35,8;0;0,0;0;45,0;59,1;3,9;5,2
21. 13556-02DW-000;23-24;87,5;80;70;6,58;6,65;0,07;6,6;5,7;5,8;26,0;20,0;23,0;70,0;12,9;17,1;70;552;-0,5;6,5;36;1,4;7,1;8,8;8,3;9,7;voldoende;96,28;90,55;6,72;-0,08;7,17;;;;;;;4,3;1,5;0,0;100,0;17;1;1;27;59;107,5;0,2;56,4;23,4;61,8;59,7;71,5;3,6;15,3;6,8;4,188;0,068;0,041;64,1;31,4;35,8;0;0,0;0;44,7;61,5;100,0;100,0
21. 13556-02DW-000;24-25;85,1;101;86;6,74;6,65;-0,09;6,73;5,9;6,1;26,0;49,0;20,0;;;;;554;0,4;5,1;28;;;;;;voldoende;96,28;90,55;6,72;-0,08;7,17;;;;;;;;;;;17;1;1;35;72;105,9;0,2;56,4;23,4;61,8;59,7;71,5;3,6;15,3;6,8;4,188;0,068;0,041;64,1;31,4;35,8;0;0,0;0;42,8;63,3;0,0;0,0
22. 13556-20AJ-000;21-22;96,7;122;118;6,57;6,81;0,2;6,56;6,88;5,25;;;;64,4;3,4;31,4;118;755;;9,6;74;0,8;6,9;;8,3;9,5;voldoende;95,08;93,13;6,62;-0,02;-0,29;16,8;61,1;44,6;27,1;45,4;5113,0;3,7;2,6;93,7;6,3;21;1;1;42;84;103,3;0,2;57,5;28,0;56,2;57,9;63,1;3,1;20,5;10,6;4,145;0,027;0,014;64,1;31,4;35,8;0;0,0;0;54,2;50,9;4,9;4,6
22. 13556-20AJ-000;22-23;86,3;117;101;6,62;6,67;-0,02;6,65;6,32;5,78;;;;71,3;3,0;24,8;101;751;-0,5;5,5;42;0,8;6,7;;7,8;;voldoende;95,08;93,13;6,62;-0,02;-0,29;16,8;61,3;44,9;25,5;39,5;5511,0;3,1;1,7;87,2;12,8;21;1;1;40;80;102,6;0,2;57,5;28,0;56,2;57,9;63,1;3,1;20,5;10,6;4,145;0,027;0,014;64,1;31,4;35,8;0;0,0;0;52,1;48,3;6,7;5,6
22. 13556-20AJ-000;23-24;90,7;107;97;6,85;6,68;-0,18;6,85;6,7;6,3;50,0;56,0;37,0;69,1;6,2;23,7;97;752;0,1;8,5;64;0,9;6,7;8,6;;9,4;voldoende;95,08;93,13;6,62;-0,02;-0,29;;;;;;;2,1;1,5;0,0;100,0;17;1;1;32;78;102,8;0,2;57,5;28,0;56,2;57,9;63,1;3,1;20,5;10,6;4,145;0,027;0,014;64,1;31,4;35,8;0;0,0;0;50,3;51,8;100,0;100,0
22. 13556-20AJ-000;24-25;94,8;97;92;6,75;6,73;-0,02;6,75;6,5;6,3;77,0;54,0;42,0;;;;;763;1,5;8,5;65;1,4;;;;;voldoende;95,08;93,13;6,62;-0,02;-0,29;;;;;;;;;;;17;1;1;47;58;108,2;0,2;57,5;28,0;56,2;57,9;63,1;3,1;20,5;10,6;4,145;0,027;0,014;64,1;31,4;35,8;0;0,0;0;51,5;63,9;0,0;0,0
23. 13749-20DD-000;21-22;94,2;154;145;6,81;6,83;-0,07;6,84;6,51;6,59;;;;62,8;0,7;36,6;145;888;;4,1;5;0,0;;;;;geen oordeel;98,03;94,1;6,97;-0,16;;14,7;74,3;55,5;26,6;60,5;5522,0;6,5;3,4;92,1;7,9;22;1;1;62;94;101,3;;;;;;;;;;;;;23,4;9,4;40,3;1;0,0;0;49,7;70,9;5,1;4,1
23. 13749-20DD-000;22-23;97,9;144;141;6,97;6,86;-0,16;6,96;7,44;7,29;;;;63,8;0,0;36,2;141;816;-8,1;4,6;34;0,0;;;;;geen oordeel;98,03;94,1;6,97;-0,16;;16,6;67,1;50,6;35,5;58,4;6181,0;3,6;1,7;95,4;4,6;22;1;1;48;101;103,5;;;;;;;;;;;;;23,4;9,4;40,3;1;0,0;0;50,7;66,4;2,5;4,6
23. 13749-20DD-000;23-24;94,6;147;139;6,87;6,65;-0,22;6,89;6,9;7,4;85,0;65,0;30,0;57,6;1,4;40,3;139;838;2,7;0,0;0;0,0;6,7;8,1;7,7;9,1;geen oordeel;98,03;94,1;6,97;-0,16;;;;;;;;3,6;1,6;0,0;100,0;18;1;1;23;132;105,4;;;;;;;;;;;;;23,4;9,4;40,3;1;0,0;0;48,6;64,3;100,0;100,0
23. 13749-20DD-000;24-25;92,2;129;119;6,71;6,74;0,03;6,66;6,6;6,7;58,0;35,0;44,0;;;;;595;-29,0;12,4;23;;;;;;geen oordeel;98,03;94,1;6,97;-0,16;;;;;;;;;;;;18;1;1;23;114;106,2;;;;;;;;;;;;;23,4;9,4;40,3;1;0,0;0;50,9;60,9;0,0;0,0
25. 41347-14WI-000;21-22;93,5;77;72;6,16;6,74;0,41;6,15;5,62;5,15;;;;68,1;13,9;16,7;72;516;;7,2;38;0,4;6,6;;8,3;;voldoende;96,5;88,58;6,22;0,22;2,31;14,9;40,7;31,4;29,0;33,8;5132,0;4,5;1,3;88,9;11,1;20;1;1;13;67;103,9;0,15;53,3;18,7;52,5;52,1;68,5;3,4;14,9;7,5;4,209;0,072;0,04;34,4;17,4;41,8;0;0,0;0;54,7;57,7;6,4;9,2
25. 41347-14WI-000;22-23;71,1;83;59;6,22;6,59;0,22;6,21;5,2;5,55;;;;61,0;15,3;23,7;59;468;-9,3;7,0;36;2,5;6,5;;8,1;;voldoende;96,5;88,58;6,22;0,22;2,31;15,0;38,6;29,3;30,8;30,5;5607,0;5,3;1,4;92,5;7,5;20;1;1;8;77;102,4;0,15;53,3;18,7;52,5;52,1;68,5;3,4;14,9;7,5;4,209;0,072;0,04;34,4;17,4;41,8;0;0,0;0;51,1;58,1;10,0;9,6
25. 41347-14WI-000;23-24;78,0;59;46;6,53;6,73;0,19;6,49;6,9;6,5;4,0;8,0;35,0;71,7;8,7;17,4;46;438;-6,4;8,7;41;;6,5;8,3;8,2;9,6;voldoende;96,5;88,58;6,22;0,22;2,31;;;;;;;7,0;1,1;0,0;100,0;17;1;1;12;52;108,5;0,15;53,3;18,7;52,5;52,1;68,5;3,4;14,9;7,5;4,209;0,072;0,04;34,4;17,4;41,8;0;0,0;0;51,8;57,3;100,0;100,0
25. 41347-14WI-000;24-25;82,9;70;58;6,37;6,69;0,32;6,33;5,6;6,7;13,0;8,0;18,0;;;;;466;6,4;8,5;38;;;;;;voldoende;96,5;88,58;6,22;0,22;2,31;;;;;;;;;;;17;1;1;23;53;108,6;0,15;53,3;18,7;52,5;52,1;68,5;3,4;14,9;7,5;4,209;0,072;0,04;34,4;17,4;41,8;0;0,0;0;50,2;57,8;0,0;0,0
26. 13603-20DL-002;21-22;85,1;161;137;6,38;7,11;0,62;6,21;6,39;5,89;;;;59,5;9,8;30,1;153;437;;7,9;3;0,0;6,5;;;8,6;voldoende;95,09;88,06;6,5;0,44;5,03;16,7;395,7;254,7;19,4;19,9;4663,0;;;96,1;3,9;21;1;1;21;51;44,7;0,1;51,6;18,4;50,5;50,4;62,3;2,9;17,1;9,1;4,203;0,047;0,029;40,4;23,0;51,6;0;26,6;1;51,0;49,5;6,5;4,9
26. 13603-20DL-002;22-23;76,7;146;112;6,5;7,05;0,44;6,33;6,19;6,51;;;;65,3;9,1;24,0;121;453;3,7;17,6;6;0,0;6,7;;7,8;;voldoende;95,09;88,06;6,5;0,44;5,03;16,3;414,1;278,5;16,0;19,9;5043,0;8,0;1,2;86,7;13,3;19;1;1;25;29;37,0;0,1;51,6;18,4;50,5;50,4;62,3;2,9;17,1;9,1;4,203;0,047;0,029;40,4;23,0;51,6;0;26,6;1;49,7;47,5;10,5;11,6
26. 13603-20DL-002;23-24;84,5;148;125;6,37;6,74;0,38;6,36;5,7;5,8;14,0;4,0;42,0;60,1;7,0;31,5;143;468;3,3;60,0;6;0,0;6,6;8,3;;9,5;voldoende;95,09;88,06;6,5;0,44;5,03;;;;;;;5,9;1,1;0,0;100,0;17;1;1;13;68;54,7;0,1;51,6;18,4;50,5;50,4;62,3;2,9;17,1;9,1;4,203;0,047;0,029;40,4;23,0;51,6;0;26,6;1;49,6;47,6;100,0;100,0
26. 13603-20DL-002;24-25;86,1;72;62;6,7;6,88;0,18;6,49;5,3;6,1;93,0;30,0;39,0;;;;;444;-5,1;26,9;7;0,0;;;;;voldoende;95,09;88,06;6,5;0,44;5,03;;;;;;;;;;;17;1;1;17;19;50,0;0,1;51,6;18,4;50,5;50,4;62,3;2,9;17,1;9,1;4,203;0,047;0,029;40,4;23,0;51,6;0;26,6;1;48,0;54,8;0,0;0,0
27. 42505-20DP-000;21-22;95,3;150;143;6,78;6,97;0,12;6,77;6,0;5,78;;;;70,6;4,2;25,2;143;924;;4,3;42;0,4;6,8;;8,1;9,5;voldoende;97,11;94,83;6,78;0,07;1,9;13,4;87,2;65,5;25,6;66,0;5424,0;6,5;1,9;96,3;3,7;22;1;1;88;69;104,7;0,24;58,1;30,4;58,3;59,8;57,6;1,6;27,7;14,1;4,197;0,034;-0,011;74,7;49,0;59,6;0;0,0;0;46,4;60,4;4,0;4,9
27. 42505-20DP-000;22-23;89,4;161;144;6,78;6,88;0,07;6,76;6,34;5,86;;;;63,2;2,1;34,0;144;879;-4,9;2,9;27;0,9;6,7;;7,9;9,4;voldoende;97,11;94,83;6,78;0,07;1,9;12,1;94,2;69,1;28,1;65,2;5938,0;4,3;1,6;92,5;7,5;22;1;1;69;101;105,6;0,24;58,1;30,4;58,3;59,8;57,6;1,6;27,7;14,1;4,197;0,034;-0,011;74,7;49,0;59,6;0;0,0;0;46,9;58,3;4,7;4,1
27. 42505-20DP-000;23-24;95,0;141;134;6,96;6,88;-0,08;7,01;6,6;6,7;85,0;82,0;85,0;67,2;3,7;29,1;134;833;-5,2;3,8;33;0,7;6,6;8,3;7,8;9,3;voldoende;97,11;94,83;6,78;0,07;1,9;;;;;;;6,1;1,6;0,0;100,0;19;1;1;50;93;101,4;0,24;58,1;30,4;58,3;59,8;57,6;1,6;27,7;14,1;4,197;0,034;-0,011;74,7;49,0;59,6;0;0,0;0;48,1;58,0;100,0;100,0
27. 42505-20DP-000;24-25;93,1;130;121;6,85;6,93;0,08;6,77;6,2;6,3;68,0;63,0;85,0;;;;;756;-9,2;2,4;20;;;;;;voldoende;97,11;94,83;6,78;0,07;1,9;;;;;;;;;;;19;1;1;49;98;113,1;0,24;58,1;30,4;58,3;59,8;57,6;1,6;27,7;14,1;4,197;0,034;-0,011;74,7;49,0;59,6;0;0,0;0;46,2;61,8;0,0;0,0
27. 42505-30GD-000;21-22;100,0;144;144;6,93;7,08;0,09;6,92;6,07;5,79;;;;69,4;4,2;26,4;144;898;;3,2;30;0,4;6,7;;7,8;9,3;voldoende;98,16;95,91;7,04;-0,05;1,15;18,7;53,4;46,4;21,7;77,1;5626,0;9,1;1,9;93,8;6,2;22;1;1;98;49;102,1;0,25;59,1;31,6;59,4;60,9;60,1;1,9;26,1;12,2;4,2;0,031;-0,006;74,7;49,0;59,6;0;0,0;0;44,0;65,1;3,8;2,3
27. 42505-30GD-000;22-23;91,4;116;106;7,04;7,05;-0,05;7,03;6,59;5,86;;;;67,9;1,9;30,2;106;869;-3,2;2,5;22;;6,5;;7,6;9,3;voldoende;98,16;95,91;7,04;-0,05;1,15;21,6;45,5;41,3;21,4;77,2;6204,0;9,8;1,5;90,1;9,9;22;1;1;63;57;103,4;0,25;59,1;31,6;59,4;60,9;60,1;1,9;26,1;12,2;4,2;0,031;-0,006;74,7;49,0;59,6;0;0,0;0;44,3;64,1;4,3;3,9
27. 42505-30GD-000;23-24;91,6;155;142;6,98;6,79;-0,19;6,97;6,5;6,4;60,0;80,0;63,0;62,0;2,8;35,2;142;893;2,8;3,2;28;;6,2;8,4;7,5;9,3;voldoende;98,16;95,91;7,04;-0,05;1,15;;;;;;;7,1;1,6;0,0;100,0;20;1;1;58;105;105,2;0,25;59,1;31,6;59,4;60,9;60,1;1,9;26,1;12,2;4,2;0,031;-0,006;74,7;49,0;59,6;0;0,0;0;44,1;62,9;100,0;100,0
27. 42505-30GD-000;24-25;92,0;125;115;6,79;6,79;0,0;6,82;5,9;6,2;58,0;70,0;54,0;;;;;787;-11,9;2,9;26;1,1;;;;;voldoende;98,16;95,91;7,04;-0,05;1,15;;;;;;;;;;;19;1;1;54;77;104,8;0,25;59,1;31,6;59,4;60,9;60,1;1,9;26,1;12,2;4,2;0,031;-0,006;74,7;49,0;59,6;0;0,0;0;45,0;67,6;0,0;0,0
28. 41211-17JY-000;21-22;94,9;117;111;6,45;6,63;0,08;6,45;6,49;4,83;;;;74,8;9,9;15,3;111;682;;5,6;41;1,4;;;8,1;;voldoende;93,76;93,53;6,82;-0,22;13,46;14,9;59,4;44,2;23,6;55,8;5237,0;4,4;1,2;90,8;9,2;21;1;1;36;86;104,3;0,24;58,9;29,5;62,5;61,8;67,5;3,4;14,8;6,5;4,222;0,064;0,03;36,1;34,9;44,4;0;0,0;0;41,3;53,6;4,8;3,5
28. 41211-17JY-000;22-23;93,9;98;92;6,82;6,72;-0,22;6,82;5,74;6,17;;;;72,8;7,6;18,5;92;656;-3,8;4,9;34;0,7;6,7;;7,8;;voldoende;93,76;93,53;6,82;-0,22;13,46;15,2;58,0;43,1;29,9;54,2;5782,0;4,9;1,0;80,0;20,0;21;1;1;36;66;104,1;0,24;58,9;29,5;62,5;61,8;67,5;3,4;14,8;6,5;4,222;0,064;0,03;36,1;34,9;44,4;0;0,0;0;38,7;52,9;5,0;3,5
28. 41211-17JY-000;23-24;95,2;104;99;6,78;6,7;-0,08;6,79;6,9;6,0;85,0;44,0;44,0;59,6;13,1;26,3;99;657;0,2;7,9;52;;6,7;8,4;7,9;9,2;voldoende;93,76;93,53;6,82;-0,22;13,46;;;;;;;4,3;1,0;0,0;100,0;18;1;1;45;59;100,0;0,24;58,9;29,5;62,5;61,8;67,5;3,4;14,8;6,5;4,222;0,064;0,03;36,1;34,9;44,4;0;0,0;0;39,0;55,4;100,0;100,0
28. 41211-17JY-000;24-25;91,2;80;73;6,78;6,92;0,14;6,79;6,8;6,4;49,0;65,0;75,0;;;;;634;-3,5;7,0;46;0,9;;;;;voldoende;93,76;93,53;6,82;-0,22;13,46;;;;;;;;;;;18;1;1;26;59;106,2;0,24;58,9;29,5;62,5;61,8;67,5;3,4;14,8;6,5;4,222;0,064;0,03;36,1;34,9;44,4;0;0,0;0;38,0;63,3;0,0;0,0
29. 41285-20CI-000;21-22;97,6;169;165;6,62;6,96;0,26;6,61;5,6;5,58;;;;76,4;7,3;15,8;165;1052;;8,9;100;0,8;6,8;;7,9;;voldoende;87,45;93,53;6,89;0,08;3,36;18,2;81,4;55,4;25,3;40,1;5179,0;6,1;1,7;76,0;24,0;26;1;1;83;97;106,5;0,14;53,3;22,7;53,0;53,6;58,3;2,7;21,9;11,1;4,159;0,035;0,013;50,4;45,1;43,1;0;0,0;0;42,0;66,6;5,2;5,2
29. 41285-20CI-000;22-23;92,1;165;152;6,89;7,07;0,08;6,85;6,02;6,36;;;;78,9;3,9;14,5;152;1005;-4,5;8,5;90;0,8;6,5;;7,8;;voldoende;87,45;93,53;6,89;0,08;3,36;18,7;79,7;53,1;25,0;37,2;5612,0;6,0;1,3;78,3;21,7;25;1;1;101;78;108,5;0,14;53,3;22,7;53,0;53,6;58,3;2,7;21,9;11,1;4,159;0,035;0,013;50,4;45,1;43,1;0;0,0;0;43,3;65,8;4,0;3,7
29. 41285-20CI-000;23-24;93,2;161;150;6,8;6,84;0,04;6,81;6,5;6,2;67,0;49,0;80,0;75,3;2,0;22,0;150;993;-1,2;8,1;81;0,6;6,4;8,2;7,4;8,9;voldoende;87,45;93,53;6,89;0,08;3,36;;;;;;;3,6;1,0;0,0;100,0;20;1;1;58;112;105,6;0,14;53,3;22,7;53,0;53,6;58,3;2,7;21,9;11,1;4,159;0,035;0,013;50,4;45,1;43,1;0;0,0;0;42,8;67,4;100,0;100,0
29. 41285-20CI-000;24-25;91,6;154;141;6,73;6,79;0,06;6,76;7,0;6,3;58,0;61,0;61,0;;;;;963;-3,0;8,4;84;;;;;;voldoende;87,45;93,53;6,89;0,08;3,36;;;;;;;;;;;19;1;1;40;120;103,9;0,14;53,3;22,7;53,0;53,6;58,3;2,7;21,9;11,1;4,159;0,035;0,013;50,4;45,1;43,1;0;0,0;0;44,1;74,3;0,0;0,0
30. 42992-02QO-000;21-22;80,2;86;69;6,24;6,73;0,27;6,22;5,32;4,98;;;;78,3;0,0;21,7;69;675;;9,7;68;2,0;7,1;;;;voldoende;90,19;85,74;6,43;0,04;4,86;16,4;56,8;39,1;19,2;49,5;5155,0;11,3;1,6;75,0;25,0;20;1;1;24;68;107,0;0,1;53,4;20,7;54,1;53,6;62,9;3,0;18,0;9,0;4,117;0,031;0,01;26,1;8,0;30,4;0;0,0;0;48,0;61,1;9,1;7,7
30. 42992-02QO-000;22-23;68,0;103;70;6,43;6,65;0,04;6,43;7,19;5,99;;;;70,0;8,6;21,4;70;640;-5,2;14,9;101;1,6;7,1;;7,9;;voldoende;90,19;85,74;6,43;0,04;4,86;17,6;52,8;35,3;19,4;49,1;5781,0;7,2;1,5;77,6;22,4;21;1;1;27;76;100,0;0,1;53,4;20,7;54,1;53,6;62,9;3,0;18,0;9,0;4,117;0,031;0,01;26,1;8,0;30,4;0;0,0;0;46,9;61,0;8,5;8,3
30. 42992-02QO-000;23-24;87,8;131;115;6,55;6,82;0,27;6,58;6,7;5,7;26,0;18,0;73,0;76,5;7,8;15,7;115;621;-3,0;8,7;56;0,9;6,7;8,1;7,9;9,2;voldoende;90,19;85,74;6,43;0,04;4,86;;;;;;;5,7;0,9;0,0;100,0;17;1;1;50;85;103,1;0,1;53,4;20,7;54,1;53,6;62,9;3,0;18,0;9,0;4,117;0,031;0,01;26,1;8,0;30,4;0;0,0;0;44,8;61,9;100,0;100,0
30. 42992-02QO-000;24-25;75,6;82;62;6,24;6,67;0,43;6,24;6,3;5,5;4,0;4,0;23,0;;;;;556;-10,5;9,9;62;0,8;;;;;voldoende;90,19;85,74;6,43;0,04;4,86;;;;;;;;;;;17;1;1;11;72;101,2;0,1;53,4;20,7;54,1;53,6;62,9;3,0;18,0;9,0;4,117;0,031;0,01;26,1;8,0;30,4;0;0,0;0;41,7;68,4;0,0;0,0
31. 41775-15SC-000;21-22;96,4;168;162;6,71;6,69;-0,03;6,7;5,99;6,19;;;;73,5;1,2;24,7;162;1109;;7,3;83;1,0;6,6;;7,9;9,5;voldoende;96,06;95,3;7,25;-0,35;-0,54;18,0;80,2;61,5;46,3;48,3;5316,0;4,4;2,2;85,6;14,4;25;1;1;39;139;106,0;0,07;54,3;29,2;49,5;53,6;47,2;1,5;48,6;35,8;4,141;-0,063;-0,035;25,6;10,8;30,8;0;0,0;0;50,7;71,3;6,6;6,0
31. 41775-15SC-000;22-23;93,2;146;136;7,25;6,92;-0,35;7,23;7,31;7,12;;;;77,9;1,5;19,9;136;1106;-0,3;5,1;57;1,5;6,4;;7,7;9,4;voldoende;96,06;95,3;7,25;-0,35;-0,54;17,5;80,2;61,4;46,1;51,1;5937,0;4,9;1,6;85,2;14,8;26;1;1;45;112;107,5;0,07;54,3;29,2;49,5;53,6;47,2;1,5;48,6;35,8;4,141;-0,063;-0,035;25,6;10,8;30,8;0;0,0;0;48,6;67,1;9,1;8,0
31. 41775-15SC-000;23-24;93,6;157;147;7,1;6,77;-0,33;7,1;7,0;7,3;74,0;96,0;49,0;77,6;1,4;21,1;147;1076;-2,7;4,2;47;1,1;6,5;7,9;7,6;9,3;voldoende;96,06;95,3;7,25;-0,35;-0,54;;;;;;;2,1;1,5;0,0;100,0;18;1;1;54;120;110,8;0,07;54,3;29,2;49,5;53,6;47,2;1,5;48,6;35,8;4,141;-0,063;-0,035;25,6;10,8;30,8;0;0,0;0;47,0;71,3;100,0;100,0
31. 41775-15SC-000;24-25;97,2;176;171;6,95;6,9;-0,05;6,93;6,9;6,9;93,0;82,0;77,0;;;;;1004;-6,7;2,8;30;0,7;;;;;voldoende;96,06;95,3;7,25;-0,35;-0,54;;;;;;;;;;;18;1;1;42;141;104,0;0,07;54,3;29,2;49,5;53,6;47,2;1,5;48,6;35,8;4,141;-0,063;-0,035;25,6;10,8;30,8;0;0,0;0;45,6;72,6;0,0;0,0
32. 20151-14QT-000;21-22;89,3;84;75;6,62;6,76;-0,05;6,61;6,2;5,74;;;;77,3;2,7;20,0;75;557;;10,0;57;1,1;6,2;;7,5;;voldoende;94,48;92,8;6,73;-0,2;3,07;16,8;44,2;32,5;23,8;48,8;5117,0;7,9;3,5;88,5;11,5;20;1;1;15;72;103,6;0,05;53,1;28,1;48,3;52,3;47,3;1,7;48,6;35,3;4,154;-0,073;-0,037;55,6;41,5;53,6;0;0,0;0;41,7;59,4;6,5;6,0
32. 20151-14QT-000;22-23;80,3;71;57;6,73;6,79;-0,2;6,71;6,59;6,85;;;;80,7;1,8;15,8;57;544;-2,3;6,6;37;;6,2;;7,3;;voldoende;94,48;92,8;6,73;-0,2;3,07;17,7;40,9;30,7;25,0;49,5;5762,0;6,2;1,8;79,4;20,6;20;1;1;20;62;115,5;0,05;53,1;28,1;48,3;52,3;47,3;1,7;48,6;35,3;4,154;-0,073;-0,037;55,6;41,5;53,6;0;0,0;0;42,3;55,8;10,5;8,7
32. 20151-14QT-000;23-24;90,1;81;73;6,66;6,56;-0,1;6,66;6,6;6,3;42,0;30,0;8,0;71,2;2,7;26,0;73;543;-0,2;6,2;34;1,1;6,4;7,8;7,7;9,3;voldoende;94,48;92,8;6,73;-0,2;3,07;;;;;;;7,4;1,3;0,0;100,0;17;1;1;25;64;109,9;0,05;53,1;28,1;48,3;52,3;47,3;1,7;48,6;35,3;4,154;-0,073;-0,037;55,6;41,5;53,6;0;0,0;0;42,7;52,0;100,0;100,0
32. 20151-14QT-000;24-25;88,7;71;63;6,7;6,71;0,01;6,69;6,9;6,4;42,0;39,0;25,0;;;;;525;-3,3;7,6;41;;;;;;voldoende;94,48;92,8;6,73;-0,2;3,07;;;;;;;;;;;16;1;1;40;40;112,7;0,05;53,1;28,1;48,3;52,3;47,3;1,7;48,6;35,3;4,154;-0,073;-0,037;55,6;41,5;53,6;0;0,0;0;44,2;76,7;0,0;0,0
33. 41568-20DC-000;21-22;85,4;96;82;6,34;6,86;0,45;6,37;5,8;5,79;;;;76,8;8,5;13,4;82;554;;10,1;60;0,7;6,8;;7,8;;voldoende;94,4;90,6;6,55;0,25;6,77;16,5;40,6;32,1;27,0;57,7;5365,0;3,5;1,4;90,2;9,8;20;1;1;39;67;110,4;0,04;52,4;21,4;49,2;51,0;56,4;1,6;38,1;25,2;4,049;-0,061;-0,033;52,5;25,4;37,6;0;0,0;0;48,7;61,8;9,2;4,8
33. 41568-20DC-000;22-23;84,4;64;54;6,55;6,9;0,25;6,54;6,76;6,69;;;;64,8;3,7;29,6;54;531;-4,2;8,1;45;2,2;7,0;8,3;7,9;9,2;voldoende;94,4;90,6;6,55;0,25;6,77;18,0;40,1;29,6;27,4;46,6;5663,0;8,1;0,9;82,0;18,0;20;1;1;25;46;110,9;0,04;52,4;21,4;49,2;51,0;56,4;1,6;38,1;25,2;4,049;-0,061;-0,033;52,5;25,4;37,6;0;0,0;0;48,2;56,0;12,4;5,5
33. 41568-20DC-000;23-24;81,8;77;63;6,34;6,75;0,41;6,38;6,4;6,2;7,0;6,0;58,0;74,6;9,5;11,1;63;532;0,2;8,6;46;2,8;;;7,9;;voldoende;94,4;90,6;6,55;0,25;6,77;;;;;;;5,1;0,9;0,0;100,0;17;1;1;42;47;115,6;0,04;52,4;21,4;49,2;51,0;56,4;1,6;38,1;25,2;4,049;-0,061;-0,033;52,5;25,4;37,6;0;0,0;0;49,1;59,3;100,0;100,0
33. 41568-20DC-000;24-25;81,2;85;69;6,18;6,58;0,4;6,16;6,1;6,3;8,0;1,0;1,0;;;;;468;-12,0;7,3;39;1,5;;;;;voldoende;94,4;90,6;6,55;0,25;6,77;;;;;;;;;;;16;1;1;40;51;107,1;0,04;52,4;21,4;49,2;51,0;56,4;1,6;38,1;25,2;4,049;-0,061;-0,033;52,5;25,4;37,6;0;0,0;0;44,4;56,5;0,0;0,0
34. 40996-04DS-000;21-22;98,9;87;86;6,84;7,42;0,36;6,84;6,5;5,44;;;;75,6;4,7;17,4;86;469;;2,9;14;2,1;6,6;;7,6;9,6;voldoende;98,59;94,08;6,95;0,0;4,58;;;;;;;;;93,2;6,8;26;1;1;43;45;101,1;-0,04;48,9;16,7;48,7;47,7;59,7;3,0;22,5;7,5;4,079;-0,028;0,008;;;;;0,0;0;47,3;65,8;9,3;4,1
34. 40996-04DS-000;22-23;94,8;58;55;6,95;7,09;0,0;7,07;7,26;6,13;;;;83,6;7,3;7,3;55;430;-8,3;3,0;14;1,3;6,5;;7,3;;voldoende;98,59;94,08;6,95;0,0;4,58;;;;;;;;;96,2;3,8;25;1;1;20;45;112,1;-0,04;48,9;16,7;48,7;47,7;59,7;3,0;22,5;7,5;4,079;-0,028;0,008;;;;;0,0;0;46,0;75,9;5,2;7,1
34. 40996-04DS-000;23-24;94,2;52;49;6,82;6,77;-0,05;6,87;6,1;6,4;74,0;61,0;61,0;83,7;0,0;14,3;49;396;-7,9;5,1;22;1,6;6,5;8,3;7,4;9,5;voldoende;98,59;94,08;6,95;0,0;4,58;;;;;;;;;0,0;100,0;16;1;1;16;38;103,8;-0,04;48,9;16,7;48,7;47,7;59,7;3,0;22,5;7,5;4,079;-0,028;0,008;;;;;0,0;0;44,7;71,1;100,0;100,0
34. 40996-04DS-000;24-25;93,3;75;70;6,66;6,75;0,08;6,7;6,8;5,8;68,0;44,0;63,0;;;;;306;-22,7;5,3;21;;;;;;voldoende;98,59;94,08;6,95;0,0;4,58;;;;;;;;;;;16;1;1;36;48;112,0;-0,04;48,9;16,7;48,7;47,7;59,7;3,0;22,5;7,5;4,079;-0,028;0,008;;;;;0,0;0;46,4;70,9;0,0;0,0
35. 40094-16PA-000;21-22;96,4;138;133;6,89;7,07;0,11;6,89;6,65;5,94;;;;73,7;0,8;25,6;133;953;;2,4;23;0,4;;;;;voldoende;97,22;95,71;7,08;-0,07;0,21;17,7;70,4;53,5;46,0;53,8;5334,0;5,9;1,7;94,4;5,6;25;1;1;32;112;104,3;0,31;60,4;34,1;55,5;60,6;55,8;1,7;32,5;19,9;4,152;-0,015;-0,014;48,6;24,1;41,6;0;0,0;0;51,4;54,5;4,8;4,1
35. 40094-16PA-000;22-23;97,6;123;120;7,08;7,03;-0,07;7,07;6,25;6,73;;;;58,3;4,2;37,5;120;947;-0,6;3,5;33;;;;;;voldoende;97,22;95,71;7,08;-0,07;0,21;18,9;68,7;52,7;50,2;49,8;5859,0;5,1;1,4;92,4;7,6;26;1;1;24;105;104,9;0,31;60,4;34,1;55,5;60,6;55,8;1,7;32,5;19,9;4,152;-0,015;-0,014;48,6;24,1;41,6;0;0,0;0;48,7;53,3;3,9;2,6
35. 40094-16PA-000;23-24;88,3;154;136;6,95;6,95;0,0;6,96;5,9;6,8;26,0;77,0;96,0;64,0;4,4;31,6;136;997;5,3;2,9;27;;;;;;voldoende;97,22;95,71;7,08;-0,07;0,21;;;;;;;6,1;1,2;0,0;100,0;20;1;1;56;102;102,6;0,31;60,4;34,1;55,5;60,6;55,8;1,7;32,5;19,9;4,152;-0,015;-0,014;48,6;24,1;41,6;0;0,0;0;47,8;55,0;100,0;100,0
35. 40094-16PA-000;24-25;96,5;144;139;6,99;7,01;0,02;6,98;6,2;6,8;93,0;92,0;96,0;;;;;1012;1,5;4,3;43;1,0;;;;;voldoende;97,22;95,71;7,08;-0,07;0,21;;;;;;;;;;;20;1;1;71;75;101,4;0,31;60,4;34,1;55,5;60,6;55,8;1,7;32,5;19,9;4,152;-0,015;-0,014;48,6;24,1;41,6;0;0,0;0;48,2;59,1;0,0;0,0
36. 41475-15JM-000;21-22;97,1;138;134;6,8;7,0;0,11;6,8;5,96;5,18;;;;67,2;3,7;29,1;134;1088;;4,7;51;0,3;7,3;;8,4;;voldoende;97,66;95,29;7,05;-0,09;0,18;19,3;74,0;58,9;39,9;54,8;5301,0;3,6;2,1;95,3;4,7;22;1;1;48;97;105,1;0,29;59,8;33,6;56,6;60,7;55,5;1,8;28,8;17,1;4,181;0,001;-0,013;48,0;29,2;54,8;0;0,0;0;47,1;35,5;3,5;2,1
36. 41475-15JM-000;22-23;93,8;145;136;7,05;7,01;-0,09;7,02;6,93;6,69;;;;70,6;2,2;26,5;136;1137;4,5;2,6;28;;7,1;;8,1;;voldoende;97,66;95,29;7,05;-0,09;0,18;19,3;78,2;60,9;41,6;52,1;5812,0;4,3;1,7;96,7;3,3;22;1;1;32;117;102,8;0,29;59,8;33,6;56,6;60,7;55,5;1,8;28,8;17,1;4,181;0,001;-0,013;48,0;29,2;54,8;0;0,0;0;44,2;36,9;3,2;2,8
36. 41475-15JM-000;23-24;98,2;171;168;7,02;6,87;-0,15;7,05;6,7;6,5;99,0;89,0;92,0;64,9;0,6;34,5;168;1173;3,2;4,0;45;;7,1;8,5;8,1;9,5;voldoende;97,66;95,29;7,05;-0,09;0,18;;;;;;;5,6;1,6;0,0;100,0;19;1;1;58;116;101,8;0,29;59,8;33,6;56,6;60,7;55,5;1,8;28,8;17,1;4,181;0,001;-0,013;48,0;29,2;54,8;0;0,0;0;42,5;36,1;100,0;100,0
36. 41475-15JM-000;24-25;94,8;172;163;6,78;6,93;0,15;6,74;6,8;6,2;77,0;51,0;87,0;;;;;1176;0,3;2,5;29;;;;;;voldoende;97,66;95,29;7,05;-0,09;0,18;;;;;;;;;;;19;1;1;82;97;104,1;0,29;59,8;33,6;56,6;60,7;55,5;1,8;28,8;17,1;4,181;0,001;-0,013;48,0;29,2;54,8;0;0,0;0;41,0;36,1;0,0;0,0
37. 13556-20DG-000;21-22;96,9;97;94;6,54;6,74;0,1;6,54;5,84;5,52;;;;72,3;4,3;23,4;94;616;;5,6;34;2,1;6,4;;8,1;;voldoende;92,03;90,93;6,87;-0,13;2,27;14,9;53,3;38,2;28,7;58,3;5328,0;10,4;1,9;81,8;18,2;22;1;1;54;50;107,2;0,19;57,2;27,1;59,1;59,2;64,2;2,0;23,6;11,3;4,149;-0,002;-0,007;64,1;31,4;35,8;0;0,0;0;44,5;57,1;6,1;6,2
37. 13556-20DG-000;22-23;86,3;73;63;6,87;6,82;-0,13;6,89;5,69;6,69;;;;76,2;1,6;20,6;63;568;-7,8;6,8;42;1,1;6,8;;;8,6;voldoende;92,03;90,93;6,87;-0,13;2,27;16,4;50,4;35,7;30,5;62,7;6090,0;4,3;1,5;85,4;14,6;22;1;1;20;55;102,7;0,19;57,2;27,1;59,1;59,2;64,2;2,0;23,6;11,3;4,149;-0,002;-0,007;64,1;31,4;35,8;0;0,0;0;42,8;58,4;5,8;6,6
37. 13556-20DG-000;23-24;91,4;70;64;6,76;6,54;-0,22;6,78;6,4;5,9;50,0;42,0;6,0;64,1;3,1;32,8;64;585;3,0;7,9;45;1,6;6,8;8,4;8,2;9,5;voldoende;92,03;90,93;6,87;-0,13;2,27;;;;;;;5,9;1,3;0,0;100,0;19;1;1;42;28;100,0;0,19;57,2;27,1;59,1;59,2;64,2;2,0;23,6;11,3;4,149;-0,002;-0,007;64,1;31,4;35,8;0;0,0;0;41,4;55,2;100,0;100,0
37. 13556-20DG-000;24-25;89,0;73;65;7,01;6,91;-0,1;7,04;7,2;7,2;42,0;94,0;89,0;;;;;628;7,4;7,2;42;1,4;;;;;voldoende;92,03;90,93;6,87;-0,13;2,27;;;;;;;;;;;19;1;1;19;62;111,0;0,19;57,2;27,1;59,1;59,2;64,2;2,0;23,6;11,3;4,149;-0,002;-0,007;64,1;31,4;35,8;0;0,0;0;46,2;54,6;0,0;0,0
38. 42623-20CF-000;21-22;95,8;96;92;6,66;6,58;-0,1;6,64;5,92;6,0;;;;70,7;5,4;21,7;92;727;;13,1;35;3,4;6,5;;7,7;;geen oordeel;;90,72;6,79;-0,25;;15,7;60,2;45,2;20,8;42,5;5074,0;5,9;1,7;79,2;20,8;19;1;1;24;79;107,3;0,19;54,9;22,0;55,1;55,4;63,6;3,0;14,3;8,1;4,173;0,042;0,017;44,5;16,4;26,8;0;0,0;0;50,5;49,7;9,7;7,6
38. 42623-20CF-000;22-23;92,7;96;89;6,79;6,55;-0,25;6,77;6,2;6,82;;;;67,4;6,7;24,7;89;711;-2,2;10,6;30;2,1;6,7;;7,6;;geen oordeel;;90,72;6,79;-0,25;;15,7;58,7;43,6;23,8;46,6;5701,0;5,5;1,5;80,1;19,9;19;1;1;21;82;107,3;0,19;54,9;22,0;55,1;55,4;63,6;3,0;14,3;8,1;4,173;0,042;0,017;44,5;16,4;26,8;0;0,0;0;51,1;50,0;6,3;7,2
38. 42623-20CF-000;23-24;88,7;115;102;6,86;6,63;-0,22;6,83;6,8;6,5;35,0;51,0;18,0;72,5;3,9;23,5;102;683;-3,9;14,2;39;1,4;6,5;8,0;7,6;9,2;geen oordeel;;90,72;6,79;-0,25;;;;;;;;8,7;1,3;0,0;100,0;17;1;1;48;77;108,7;0,19;54,9;22,0;55,1;55,4;63,6;3,0;14,3;8,1;4,173;0,042;0,017;44,5;16,4;26,8;0;0,0;0;48,5;55,2;100,0;100,0
38. 42623-20CF-000;24-25;95,9;73;70;6,78;6,61;-0,17;6,75;6,2;6,3;83,0;58,0;8,0;;;;;352;-48,5;19,0;50;3,4;;;;;geen oordeel;;90,72;6,79;-0,25;;;;;;;;;;;;17;1;1;36;48;115,1;0,19;54,9;22,0;55,1;55,4;63,6;3,0;14,3;8,1;4,173;0,042;0,017;44,5;16,4;26,8;0;0,0;0;50,0;53,3;0,0;0,0
41. 42620-01FP-004;21-22;81,4;145;118;6,48;6,74;0,09;6,18;6,18;4,84;;;;76,8;1,6;20,8;125;631;;2,3;5;0,0;;;7,1;;voldoende;96,08;89,64;6,72;-0,25;18,32;15,6;323,8;231,9;36,5;19,5;4657,0;7,0;3,1;83,9;16,1;25;1;1;20;70;62,1;0,2;56,9;26,2;52,3;55,5;66,9;2,6;46,4;35,0;4,057;-0,021;0,002;15,4;3,9;20,0;1;36,4;1;49,6;65,2;7,5;7,3
41. 42620-01FP-004;22-23;76,0;154;117;6,72;6,64;-0,25;6,39;6,55;6,0;;;;64,5;10,7;23,1;121;629;-0,3;3,4;7;0,0;;;;;voldoende;96,08;89,64;6,72;-0,25;18,32;16,1;320,8;229,3;37,0;19,4;5125,0;7,5;2,3;91,5;8,5;24;1;1;22;62;54,5;0,2;56,9;26,2;52,3;55,5;66,9;2,6;46,4;35,0;4,057;-0,021;0,002;15,4;3,9;20,0;1;36,4;1;49,4;67,5;9,1;7,7
41. 42620-01FP-004;23-24;77,0;135;104;6,56;6,44;-0,12;6,28;6,3;6,1;11,0;11,0;4,0;66,7;6,5;25,9;108;622;-1,1;2,3;5;0,0;5,9;7,5;7,1;9,3;voldoende;96,08;89,64;6,72;-0,25;18,32;;;;;;;9,2;1,5;0,0;100,0;19;1;1;15;61;56,3;0,2;56,9;26,2;52,3;55,5;66,9;2,6;46,4;35,0;4,057;-0,021;0,002;15,4;3,9;20,0;1;36,4;1;50,2;66,8;100,0;100,0
41. 42620-01FP-004;24-25;71,0;145;103;6,51;6,59;0,08;6,15;6,4;5,8;20,0;23,0;6,0;;;;;666;7,1;4,5;11;0,0;;;;;voldoende;96,08;89,64;6,72;-0,25;18,32;;;;;;;;;;;19;1;1;30;53;57,2;0,2;56,9;26,2;52,3;55,5;66,9;2,6;46,4;35,0;4,057;-0,021;0,002;15,4;3,9;20,0;1;36,4;1;50,5;61,3;0,0;0,0
42. 40586-30GC-000;21-22;95,1;102;97;6,51;6,86;0,29;6,47;5,46;5,91;;;;37,1;0,0;62,9;97;818;;4,8;39;1,4;;;7,9;;voldoende;98,15;92,68;6,71;0,08;-1,75;15,2;72,9;54,2;31,7;53,0;5205,0;9,8;3,4;91,7;8,3;21;1;1;28;78;103,9;0,03;50,9;26,0;43,9;49,5;34,6;1,3;55,4;34,8;4,17;-0,092;-0,069;25,0;16,6;66,4;0;0,0;0;51,1;57,2;4,0;5,3
42. 40586-30GC-000;22-23;88,5;113;100;6,71;6,84;0,08;6,66;7,07;6,56;;;;44,0;0,0;56,0;100;826;1,0;5,5;45;0,7;6,5;;7,4;;voldoende;98,15;92,68;6,71;0,08;-1,75;15,6;70,3;53,0;27,8;53,3;5687,0;8,5;1,7;93,8;6,2;21;1;1;31;91;108,0;0,03;50,9;26,0;43,9;49,5;34,6;1,3;55,4;34,8;4,17;-0,092;-0,069;25,0;16,6;66,4;0;0,0;0;49,6;50,8;6,7;3,4
42. 40586-30GC-000;23-24;93,7;142;133;6,69;6,78;0,09;6,71;6,8;6,6;74,0;32,0;54,0;42,1;3,0;54,1;133;826;0,0;4,1;34;0,8;6,7;8,1;7,7;9,1;voldoende;98,15;92,68;6,71;0,08;-1,75;;;;;;;9,4;1,4;0,0;100,0;19;1;1;41;99;98,6;0,03;50,9;26,0;43,9;49,5;34,6;1,3;55,4;34,8;4,17;-0,092;-0,069;25,0;16,6;66,4;0;0,0;0;50,2;51,2;100,0;100,0
42. 40586-30GC-000;24-25;88,3;111;98;6,68;6,78;0,1;6,65;6,8;6,8;35,0;32,0;65,0;;;;;843;2,1;3,3;27;0,6;;;;;voldoende;98,15;92,68;6,71;0,08;-1,75;;;;;;;;;;;19;1;1;32;90;109,9;0,03;50,9;26,0;43,9;49,5;34,6;1,3;55,4;34,8;4,17;-0,092;-0,069;25,0;16,6;66,4;0;0,0;0;49,5;54,9;0,0;0,0
43. 42621-14RF-006;21-22;95,4;194;185;6,9;7,02;0,06;6,66;6,84;6,65;;;;65,2;3,7;29,9;187;803;;8,4;33;1,8;6,7;;7,6;;voldoende;97,66;93,32;7,11;-0,14;-0,74;13,3;286,7;213,3;44,8;33,3;4966,0;8,6;2,2;87,7;12,3;22;1;1;54;73;65,5;0,1;54,0;29,5;46,6;52,9;36,5;1,5;51,3;30,4;4,179;-0,072;-0,053;28,5;13,4;39,0;0;25,0;1;43,5;58,8;5,9;8,0
43. 42621-14RF-006;22-23;91,7;181;166;7,11;7,01;-0,14;6,81;6,44;7,49;;;;67,3;1,2;29,2;168;807;0,5;10,2;41;1,5;6,7;;7,6;9,1;voldoende;97,66;93,32;7,11;-0,14;-0,74;12,9;284,0;210,8;42,8;36,5;5544,0;9,8;1,8;89,3;10,7;24;1;1;62;62;68,5;0,1;54,0;29,5;46,6;52,9;36,5;1,5;51,3;30,4;4,179;-0,072;-0,053;28,5;13,4;39,0;0;25,0;1;42,0;57,6;5,3;5,3
43. 42621-14RF-006;23-24;95,0;141;134;6,94;6,78;-0,16;6,8;6,7;6,6;92,0;68,0;56,0;59,0;0,7;40,3;139;787;-2,5;12,8;53;2,7;6,6;8,1;7,6;;voldoende;97,66;93,32;7,11;-0,14;-0,74;;;;;;;7,5;1,9;0,0;100,0;18;1;1;39;67;75,2;0,1;54,0;29,5;46,6;52,9;36,5;1,5;51,3;30,4;4,179;-0,072;-0,053;28,5;13,4;39,0;0;25,0;1;42,4;56,9;100,0;100,0
43. 42621-14RF-006;24-25;87,1;163;142;6,86;6,73;-0,13;6,64;6,5;6,7;68,0;73,0;46,0;;;;;830;5,5;8,8;33;2,9;;;;;voldoende;97,66;93,32;7,11;-0,14;-0,74;;;;;;;;;;;18;1;1;57;66;75,5;0,1;54,0;29,5;46,6;52,9;36,5;1,5;51,3;30,4;4,179;-0,072;-0,053;28,5;13,4;39,0;0;25,0;1;41,6;54,5;0,0;0,0
44. 20151-31RY-000;21-22;89,3;103;92;6,19;6,76;0,33;6,21;6,86;5,49;;;;80,4;3,3;16,3;92;646;;;;;6,9;;7,8;8,7;geen oordeel;96,18;86,46;6,5;0,11;;18,9;50,3;34,0;26,5;53,0;5080,0;2,7;1,9;93,2;6,8;25;1;1;8;59;65,0;-0,14;46,9;18,1;41,2;44,5;43,4;1,6;52,1;39,3;3,992;-0,112;-0,049;55,6;41,5;53,6;0;21,1;1;46,9;52,2;9,3;10,6
44. 20151-31RY-000;22-23;84,8;92;78;6,5;6,83;0,11;6,5;7,6;7,62;;;;82,1;7,7;10,3;78;643;-0,5;7,2;47;2,5;7,2;;7,9;8,7;geen oordeel;96,18;86,46;6,5;0,11;;19,9;51,6;37,0;29,7;44,7;5471,0;2,4;1,3;89,9;10,1;24;1;1;8;46;58,7;-0,14;46,9;18,1;41,2;44,5;43,4;1,6;52,1;39,3;3,992;-0,112;-0,049;55,6;41,5;53,6;0;21,1;1;47,1;55,8;13,5;9,9
44. 20151-31RY-000;23-24;92,7;82;76;6,93;6,68;-0,24;6,89;7,2;7,1;67,0;63,0;32,0;78,9;10,5;6,6;76;736;14,5;5,1;33;3,2;7,3;8,8;;9,3;geen oordeel;96,18;86,46;6,5;0,11;;;;;;;;2,3;1,2;0,0;100,0;18;1;1;9;44;64,6;-0,14;46,9;18,1;41,2;44,5;43,4;1,6;52,1;39,3;3,992;-0,112;-0,049;55,6;41,5;53,6;0;21,1;1;44,4;64,3;100,0;100,0
44. 20151-31RY-000;24-25;97,4;76;74;6,8;6,8;-0,0;6,81;7,2;6,7;93,0;68,0;49,0;;;;;722;-1,9;4,8;36;5,2;;;;;geen oordeel;96,18;86,46;6,5;0,11;;;;;;;;;;;;18;1;1;24;25;64,5;-0,14;46,9;18,1;41,2;44,5;43,4;1,6;52,1;39,3;3,992;-0,112;-0,049;55,6;41,5;53,6;0;21,1;1;45,4;74,4;0,0;0,0
45. 99048-19HV-000;21-22;75,3;77;58;6,28;6,73;0,14;6,04;6,52;6,9;;;;75,9;5,2;19,0;58;679;;5,7;26;2,4;6,7;;7,7;;voldoende;98,36;84,79;6,19;0,26;28,74;14,9;86,3;68,8;12,3;42,0;5031,0;;;97,6;2,4;28;1;1;12;32;57,1;-0,15;45,1;13,1;43,9;43,2;53,6;2,5;28,4;8,4;4,081;-0,028;-0,004;52,9;29,8;40,1;0;64,5;1;47,6;56,0;11,5;8,4
45. 99048-19HV-000;22-23;80,3;66;53;6,46;6,85;0,16;6,25;5,87;7,67;;;;62,3;13,2;22,6;53;652;-4,0;10,0;42;5,0;6,4;;7,2;;voldoende;98,36;84,79;6,19;0,26;28,74;15,9;122,0;66,9;13,8;35,3;5421,0;7,7;1,2;97,3;2,7;28;1;1;7;24;47,0;-0,15;45,1;13,1;43,9;43,2;53,6;2,5;28,4;8,4;4,081;-0,028;-0,004;52,9;29,8;40,1;0;64,5;1;46,9;56,6;8,7;5,9
45. 99048-19HV-000;23-24;70,2;94;66;6,24;6,62;0,38;6,22;5,8;5,4;1,0;1,0;11,0;54,5;13,6;31,8;66;661;1,4;8,7;35;2,7;6,6;7,9;7,1;9,1;voldoende;98,36;84,79;6,19;0,26;28,74;;;;;;;5,3;1,1;0,0;100,0;20;1;1;9;25;36,2;-0,15;45,1;13,1;43,9;43,2;53,6;2,5;28,4;8,4;4,081;-0,028;-0,004;52,9;29,8;40,1;0;64,5;1;48,1;49,7;100,0;100,0
45. 99048-19HV-000;24-25;85,5;62;53;6,41;6,66;0,25;6,36;7,6;5,2;26,0;13,0;13,0;;;;;555;-16,0;9,4;62;5,9;;;;;voldoende;98,36;84,79;6,19;0,26;28,74;;;;;;;;;;;19;1;1;8;14;35,5;-0,15;45,1;13,1;43,9;43,2;53,6;2,5;28,4;8,4;4,081;-0,028;-0,004;52,9;29,8;40,1;0;64,5;1;44,7;54,4;0,0;0,0
46. 41298-02VO-000;21-22;96,9;97;94;6,75;6,93;0,11;6,71;5,66;5,26;;;;74,5;1,1;24,5;94;779;;5,4;40;1,0;6,8;;;;onvoldoende, tenzij;94,06;93,93;6,86;-0,07;0,78;18,3;60,6;47,6;38,6;34,3;4842,0;7,1;1,9;86,9;13,1;22;1;1;23;83;109,3;0,25;60,3;34,1;58,1;61,0;60,3;1,6;40,9;24,5;4,232;0,007;-0,012;33,5;13,7;35,7;0;4,1;0;43,9;63,3;5,3;5,8
46. 41298-02VO-000;22-23;89,0;118;105;6,86;6,88;-0,07;6,85;6,54;5,84;;;;80,0;1,9;18,1;105;764;-1,9;0,0;0;0,0;6,8;;7,8;;onvoldoende, tenzij;94,06;93,93;6,86;-0,07;0,78;17,3;63,0;53,0;43,0;31,1;5438,0;;;93,8;6,2;22;1;1;39;82;102,5;0,25;60,3;34,1;58,1;61,0;60,3;1,6;40,9;24,5;4,232;0,007;-0,012;33,5;13,7;35,7;0;4,1;0;42,1;66,3;4,3;3,4
46. 41298-02VO-000;23-24;91,8;85;78;6,9;6,83;-0,07;6,81;6,5;6,3;60,0;46,0;65,0;79,5;0,0;20,5;78;765;0,1;0,0;0;19,6;6,8;8,2;;9,3;onvoldoende, tenzij;94,06;93,93;6,86;-0,07;0,78;;;;;;;;;0,0;100,0;18;1;1;24;64;103,5;0,25;60,3;34,1;58,1;61,0;60,3;1,6;40,9;24,5;4,232;0,007;-0,012;33,5;13,7;35,7;0;4,1;0;42,5;71,3;100,0;100,0
46. 41298-02VO-000;24-25;89,0;109;97;6,73;6,82;0,08;6,75;6,6;6,2;42,0;56,0;51,0;;;;;778;1,7;0,0;0;15,2;;;;;onvoldoende, tenzij;94,06;93,93;6,86;-0,07;0,78;;;;;;;;;;;18;1;1;41;74;105,5;0,25;60,3;34,1;58,1;61,0;60,3;1,6;40,9;24,5;4,232;0,007;-0,012;33,5;13,7;35,7;0;4,1;0;41,4;71,1;0,0;0,0
