tSchool;Schooljaar;Profiel;Geslacht;Examenkandidaten;Geslaagden;Slaagpercentage
01. 13652-20AA-000;21-22;C&M;Vrouw;9;8;88.9
01. 13652-20AA-000;21-22;E&M;Man;0;0;0.0
01. 13652-20AA-000;21-22;E&M;Vrouw;0;0;0.0
01. 13652-20AA-000;21-22;E&M/C&M;Man;17;16;94.1
01. 13652-20AA-000;21-22;E&M/C&M;Vrouw;25;23;92.0
01. 13652-20AA-000;21-22;N&G;Man;6;5;83.3
01. 13652-20AA-000;21-22;N&G;Vrouw;5;5;100.0
01. 13652-20AA-000;21-22;N&G/C&M;Man;0;0;0.0
01. 13652-20AA-000;21-22;N&G/C&M;Vrouw;0;0;0.0
01. 13652-20AA-000;21-22;N&T/N&G;Man;17;15;88.2
01. 13652-20AA-000;21-22;N&T/N&G;Vrouw;13;11;84.6
01. 13652-20AA-000;22-23;C&M;Man;8;7;87.5
01. 13652-20AA-000;22-23;C&M;Vrouw;9;7;77.8
01. 13652-20AA-000;22-23;E&M;Vrouw;0;0;0.0
01. 13652-20AA-000;22-23;E&M/C&M;Man;19;15;78.9
01. 13652-20AA-000;22-23;E&M/C&M;Vrouw;17;15;88.2
01. 13652-20AA-000;22-23;N&G;Man;10;10;100.0
01. 13652-20AA-000;22-23;N&G;Vrouw;16;15;93.8
01. 13652-20AA-000;22-23;N&G/C&M;Man;0;0;0.0
01. 13652-20AA-000;22-23;N&G/C&M;Vrouw;0;0;0.0
01. 13652-20AA-000;22-23;N&T;Vrouw;0;0;0.0
01. 13652-20AA-000;22-23;N&T/N&G;Man;21;18;85.7
01. 13652-20AA-000;22-23;N&T/N&G;Vrouw;23;23;100.0
01. 13652-20AA-000;23-24;C&M;Man;6;5;83.3
01. 13652-20AA-000;23-24;C&M;Vrouw;5;5;100.0
01. 13652-20AA-000;23-24;E&M;Man;0;0;0.0
01. 13652-20AA-000;23-24;E&M/C&M;Man;11;9;81.8
01. 13652-20AA-000;23-24;E&M/C&M;Vrouw;8;8;100.0
01. 13652-20AA-000;23-24;N&G;Man;8;8;100.0
01. 13652-20AA-000;23-24;N&G;Vrouw;10;6;60.0
01. 13652-20AA-000;23-24;N&G/C&M;Man;0;0;0.0
01. 13652-20AA-000;23-24;N&G/C&M;Vrouw;0;0;0.0
01. 13652-20AA-000;23-24;N&T/N&G;Man;19;19;100.0
01. 13652-20AA-000;23-24;N&T/N&G;Vrouw;25;24;96.0
01. 13652-20AA-000;24-25;E&M/C&M;Vrouw;8;7;87.5
01. 13652-20AA-000;24-25;N&G;Man;5;5;100.0
01. 13652-20AA-000;24-25;N&G;Vrouw;8;;25.0
01. 13652-20AA-000;24-25;N&G/C&M;Vrouw;0;0;0.0
01. 13652-20AA-000;24-25;N&T;Man;6;5;83.3
01. 13652-20AA-000;24-25;N&T;Vrouw;6;;66.7
01. 13652-20AA-000;24-25;N&T/N&G;Man;20;19;95.0
01. 13652-20AA-000;24-25;N&T/N&G;Vrouw;12;12;100.0
02. 41208-20CK-000;21-22;C&M;Vrouw;6;6;100.0
02. 41208-20CK-000;21-22;E&M/C&M;Man;14;14;100.0
02. 41208-20CK-000;21-22;E&M/C&M;Vrouw;12;12;100.0
02. 41208-20CK-000;21-22;N&G;Man;13;12;92.3
02. 41208-20CK-000;21-22;N&G;Vrouw;9;8;88.9
02. 41208-20CK-000;21-22;N&G/C&M;Man;0;0;0.0
02. 41208-20CK-000;21-22;N&G/C&M;Vrouw;0;0;0.0
02. 41208-20CK-000;21-22;N&G/E&M;Man;0;0;0.0
02. 41208-20CK-000;21-22;N&G/E&M;Vrouw;0;0;0.0
02. 41208-20CK-000;21-22;N&T;Man;5;5;100.0
02. 41208-20CK-000;21-22;N&T;Vrouw;0;0;0.0
02. 41208-20CK-000;21-22;N&T/C&M;Man;0;0;0.0
02. 41208-20CK-000;21-22;N&T/C&M;Vrouw;0;0;0.0
02. 41208-20CK-000;21-22;N&T/E&M;Man;0;0;0.0
02. 41208-20CK-000;21-22;N&T/E&M;Vrouw;0;0;0.0
02. 41208-20CK-000;21-22;N&T/N&G;Man;22;22;100.0
02. 41208-20CK-000;21-22;N&T/N&G;Vrouw;34;34;100.0
02. 41208-20CK-000;22-23;C&M;Vrouw;7;6;85.7
02. 41208-20CK-000;22-23;E&M;Vrouw;;0;0.0
02. 41208-20CK-000;22-23;E&M/C&M;Man;13;12;92.3
02. 41208-20CK-000;22-23;E&M/C&M;Vrouw;12;10;83.3
02. 41208-20CK-000;22-23;N&G;Vrouw;12;10;83.3
02. 41208-20CK-000;22-23;N&G/C&M;Vrouw;0;0;0.0
02. 41208-20CK-000;22-23;N&G/E&M;Man;0;0;0.0
02. 41208-20CK-000;22-23;N&G/E&M;Vrouw;0;0;0.0
02. 41208-20CK-000;22-23;N&T/C&M;Man;0;0;0.0
02. 41208-20CK-000;22-23;N&T/C&M;Vrouw;0;0;0.0
02. 41208-20CK-000;22-23;N&T/E&M;Man;0;0;0.0
02. 41208-20CK-000;22-23;N&T/E&M;Vrouw;0;0;0.0
02. 41208-20CK-000;22-23;N&T/N&G;Man;30;28;93.3
02. 41208-20CK-000;22-23;N&T/N&G;Vrouw;20;17;85.0
02. 41208-20CK-000;23-24;C&M;Vrouw;7;7;100.0
02. 41208-20CK-000;23-24;E&M;Man;0;0;0.0
02. 41208-20CK-000;23-24;E&M;Vrouw;0;0;0.0
02. 41208-20CK-000;23-24;E&M/C&M;Man;10;10;100.0
02. 41208-20CK-000;23-24;E&M/C&M;Vrouw;13;12;92.3
02. 41208-20CK-000;23-24;N&G;Man;7;6;85.7
02. 41208-20CK-000;23-24;N&G;Vrouw;6;5;83.3
02. 41208-20CK-000;23-24;N&G/C&M;Vrouw;0;0;0.0
02. 41208-20CK-000;23-24;N&G/E&M;Man;0;0;0.0
02. 41208-20CK-000;23-24;N&T/C&M;Man;0;0;0.0
02. 41208-20CK-000;23-24;N&T/C&M;Vrouw;0;0;0.0
02. 41208-20CK-000;23-24;N&T/E&M;Man;0;0;0.0
02. 41208-20CK-000;23-24;N&T/E&M;Vrouw;0;0;0.0
02. 41208-20CK-000;23-24;N&T/N&G;Man;27;27;100.0
02. 41208-20CK-000;23-24;N&T/N&G;Vrouw;24;24;100.0
02. 41208-20CK-000;24-25;C&M;Vrouw;7;5;71.4
02. 41208-20CK-000;24-25;E&M/C&M;Man;6;6;100.0
02. 41208-20CK-000;24-25;E&M/C&M;Vrouw;18;17;94.4
02. 41208-20CK-000;24-25;N&G;Man;6;6;100.0
02. 41208-20CK-000;24-25;N&G;Vrouw;7;7;100.0
02. 41208-20CK-000;24-25;N&G/C&M;Man;0;0;0.0
02. 41208-20CK-000;24-25;N&G/C&M;Vrouw;0;0;0.0
02. 41208-20CK-000;24-25;N&G/E&M;Man;0;0;0.0
02. 41208-20CK-000;24-25;N&G/E&M;Vrouw;0;0;0.0
02. 41208-20CK-000;24-25;N&T/E&M;Man;0;0;0.0
02. 41208-20CK-000;24-25;N&T/E&M;Vrouw;0;0;0.0
02. 41208-20CK-000;24-25;N&T/N&G;Man;18;17;94.4
02. 41208-20CK-000;24-25;N&T/N&G;Vrouw;22;22;100.0
03. 13556-21AB-000;21-22;C&M;Vrouw;9;9;100.0
03. 13556-21AB-000;21-22;E&M/C&M;Man;16;16;100.0
03. 13556-21AB-000;21-22;E&M/C&M;Vrouw;27;27;100.0
03. 13556-21AB-000;21-22;N&G;Man;7;7;100.0
03. 13556-21AB-000;21-22;N&G/C&M;Man;0;0;0.0
03. 13556-21AB-000;21-22;N&G/C&M;Vrouw;0;0;0.0
03. 13556-21AB-000;21-22;N&G/E&M;Man;0;0;0.0
03. 13556-21AB-000;21-22;N&G/E&M;Vrouw;0;0;0.0
03. 13556-21AB-000;21-22;N&T;Man;5;5;100.0
03. 13556-21AB-000;21-22;N&T/N&G;Man;17;16;94.1
03. 13556-21AB-000;21-22;N&T/N&G;Vrouw;26;26;100.0
03. 13556-21AB-000;22-23;C&M;Vrouw;11;10;90.9
03. 13556-21AB-000;22-23;E&M/C&M;Man;19;18;94.7
03. 13556-21AB-000;22-23;E&M/C&M;Vrouw;29;28;96.6
03. 13556-21AB-000;22-23;N&G;Vrouw;5;5;100.0
03. 13556-21AB-000;22-23;N&G/C&M;Man;0;0;0.0
03. 13556-21AB-000;22-23;N&G/C&M;Vrouw;0;0;0.0
03. 13556-21AB-000;22-23;N&G/E&M;Man;0;0;0.0
03. 13556-21AB-000;22-23;N&G/E&M;Vrouw;0;0;0.0
03. 13556-21AB-000;22-23;N&T/N&G;Man;9;9;100.0
03. 13556-21AB-000;22-23;N&T/N&G;Vrouw;19;19;100.0
03. 13556-21AB-000;23-24;C&M;Man;6;6;100.0
03. 13556-21AB-000;23-24;C&M;Vrouw;12;12;100.0
03. 13556-21AB-000;23-24;E&M/C&M;Man;26;25;96.2
03. 13556-21AB-000;23-24;E&M/C&M;Vrouw;24;20;83.3
03. 13556-21AB-000;23-24;N&G;Vrouw;8;5;62.5
03. 13556-21AB-000;23-24;N&G/C&M;Vrouw;0;0;0.0
03. 13556-21AB-000;23-24;N&G/E&M;Man;0;0;0.0
03. 13556-21AB-000;23-24;N&G/E&M;Vrouw;0;0;0.0
03. 13556-21AB-000;23-24;N&T;Man;8;8;100.0
03. 13556-21AB-000;23-24;N&T/N&G;Man;13;11;84.6
03. 13556-21AB-000;23-24;N&T/N&G;Vrouw;16;16;100.0
03. 13556-21AB-000;24-25;C&M;Man;7;6;85.7
03. 13556-21AB-000;24-25;C&M;Vrouw;13;11;84.6
03. 13556-21AB-000;24-25;E&M/C&M;Man;24;24;100.0
03. 13556-21AB-000;24-25;E&M/C&M;Vrouw;15;13;86.7
03. 13556-21AB-000;24-25;N&G;Vrouw;5;5;100.0
03. 13556-21AB-000;24-25;N&G/C&M;Man;0;0;0.0
03. 13556-21AB-000;24-25;N&G/C&M;Vrouw;0;0;0.0
03. 13556-21AB-000;24-25;N&G/E&M;Vrouw;0;0;0.0
03. 13556-21AB-000;24-25;N&T;Man;8;8;100.0
03. 13556-21AB-000;24-25;N&T/N&G;Man;15;13;86.7
03. 13556-21AB-000;24-25;N&T/N&G;Vrouw;19;17;89.5
04. 40776-01ET-000;21-22;C&M;Man;0;0;0.0
04. 40776-01ET-000;21-22;E&M;Man;17;15;88.2
04. 40776-01ET-000;21-22;E&M;Vrouw;7;6;85.7
04. 40776-01ET-000;21-22;E&M/C&M;Man;14;14;100.0
04. 40776-01ET-000;21-22;E&M/C&M;Vrouw;8;8;100.0
04. 40776-01ET-000;21-22;N&G/C&M;Man;0;0;0.0
04. 40776-01ET-000;21-22;N&G/E&M;Vrouw;0;0;0.0
04. 40776-01ET-000;21-22;N&T;Man;9;9;100.0
04. 40776-01ET-000;21-22;N&T;Vrouw;8;7;87.5
04. 40776-01ET-000;21-22;N&T/E&M;Man;0;0;0.0
04. 40776-01ET-000;21-22;N&T/E&M;Vrouw;0;0;0.0
04. 40776-01ET-000;21-22;N&T/N&G;Man;19;18;94.7
04. 40776-01ET-000;21-22;N&T/N&G;Vrouw;20;19;95.0
04. 40776-01ET-000;22-23;C&M;Man;0;0;0.0
04. 40776-01ET-000;22-23;C&M;Vrouw;6;5;83.3
04. 40776-01ET-000;22-23;E&M;Man;11;10;90.9
04. 40776-01ET-000;22-23;E&M/C&M;Man;16;15;93.8
04. 40776-01ET-000;22-23;E&M/C&M;Vrouw;9;9;100.0
04. 40776-01ET-000;22-23;N&G;Vrouw;7;7;100.0
04. 40776-01ET-000;22-23;N&G/C&M;Man;0;0;0.0
04. 40776-01ET-000;22-23;N&G/C&M;Vrouw;0;0;0.0
04. 40776-01ET-000;22-23;N&G/E&M;Man;0;0;0.0
04. 40776-01ET-000;22-23;N&G/E&M;Vrouw;0;0;0.0
04. 40776-01ET-000;22-23;N&T;Man;7;7;100.0
04. 40776-01ET-000;22-23;N&T/E&M;Man;0;0;0.0
04. 40776-01ET-000;22-23;N&T/E&M;Vrouw;0;0;0.0
04. 40776-01ET-000;22-23;N&T/N&G;Man;27;25;92.6
04. 40776-01ET-000;22-23;N&T/N&G;Vrouw;29;27;93.1
04. 40776-01ET-000;23-24;C&M;Vrouw;9;7;77.8
04. 40776-01ET-000;23-24;E&M;Man;7;7;100.0
04. 40776-01ET-000;23-24;E&M;Vrouw;6;6;100.0
04. 40776-01ET-000;23-24;E&M/C&M;Man;10;10;100.0
04. 40776-01ET-000;23-24;E&M/C&M;Vrouw;9;8;88.9
04. 40776-01ET-000;23-24;N&G;Vrouw;15;13;86.7
04. 40776-01ET-000;23-24;N&G/C&M;Man;0;0;0.0
04. 40776-01ET-000;23-24;N&G/C&M;Vrouw;0;0;0.0
04. 40776-01ET-000;23-24;N&G/E&M;Man;0;0;0.0
04. 40776-01ET-000;23-24;N&G/E&M;Vrouw;0;0;0.0
04. 40776-01ET-000;23-24;N&T;Man;9;6;66.7
04. 40776-01ET-000;23-24;N&T/E&M;Man;0;0;0.0
04. 40776-01ET-000;23-24;N&T/E&M;Vrouw;0;0;0.0
04. 40776-01ET-000;23-24;N&T/N&G;Man;17;16;94.1
04. 40776-01ET-000;23-24;N&T/N&G;Vrouw;24;24;100.0
04. 40776-01ET-000;24-25;C&M;Vrouw;8;8;100.0
04. 40776-01ET-000;24-25;E&M;Man;20;20;100.0
04. 40776-01ET-000;24-25;E&M/C&M;Man;15;15;100.0
04. 40776-01ET-000;24-25;E&M/C&M;Vrouw;13;13;100.0
04. 40776-01ET-000;24-25;N&G/C&M;Man;0;0;0.0
04. 40776-01ET-000;24-25;N&G/C&M;Vrouw;0;0;0.0
04. 40776-01ET-000;24-25;N&G/E&M;Man;0;0;0.0
04. 40776-01ET-000;24-25;N&G/E&M;Vrouw;0;0;0.0
04. 40776-01ET-000;24-25;N&T;Man;7;7;100.0
04. 40776-01ET-000;24-25;N&T/E&M;Man;0;0;0.0
04. 40776-01ET-000;24-25;N&T/E&M;Vrouw;0;0;0.0
04. 40776-01ET-000;24-25;N&T/N&G;Man;17;16;94.1
04. 40776-01ET-000;24-25;N&T/N&G;Vrouw;17;15;88.2
05. 13556-21AF-000;21-22;C&M;Man;10;10;100.0
05. 13556-21AF-000;21-22;C&M;Vrouw;13;12;92.3
05. 13556-21AF-000;21-22;E&M/C&M;Man;18;16;88.9
05. 13556-21AF-000;21-22;E&M/C&M;Vrouw;18;15;83.3
05. 13556-21AF-000;21-22;N&G;Man;8;5;62.5
05. 13556-21AF-000;21-22;N&G;Vrouw;8;8;100.0
05. 13556-21AF-000;21-22;N&G/C&M;Man;0;0;0.0
05. 13556-21AF-000;21-22;N&G/C&M;Vrouw;0;0;0.0
05. 13556-21AF-000;21-22;N&G/E&M;Man;0;0;0.0
05. 13556-21AF-000;21-22;N&G/E&M;Vrouw;0;0;0.0
05. 13556-21AF-000;21-22;N&T/E&M;Vrouw;0;0;0.0
05. 13556-21AF-000;21-22;N&T/N&G;Man;28;25;89.3
05. 13556-21AF-000;21-22;N&T/N&G;Vrouw;21;20;95.2
05. 13556-21AF-000;22-23;C&M;Man;;0;0.0
05. 13556-21AF-000;22-23;C&M;Vrouw;16;14;87.5
05. 13556-21AF-000;22-23;E&M/C&M;Man;24;24;100.0
05. 13556-21AF-000;22-23;E&M/C&M;Vrouw;11;11;100.0
05. 13556-21AF-000;22-23;N&G;Man;9;7;77.8
05. 13556-21AF-000;22-23;N&G;Vrouw;6;;50.0
05. 13556-21AF-000;22-23;N&G/C&M;Man;0;0;0.0
05. 13556-21AF-000;22-23;N&G/E&M;Man;0;0;0.0
05. 13556-21AF-000;22-23;N&G/E&M;Vrouw;0;0;0.0
05. 13556-21AF-000;22-23;N&T;Man;0;0;0.0
05. 13556-21AF-000;22-23;N&T/E&M;Man;0;0;0.0
05. 13556-21AF-000;22-23;N&T/E&M;Vrouw;0;0;0.0
05. 13556-21AF-000;22-23;N&T/N&G;Man;30;29;96.7
05. 13556-21AF-000;22-23;N&T/N&G;Vrouw;30;28;93.3
05. 13556-21AF-000;23-24;C&M;Man;6;5;83.3
05. 13556-21AF-000;23-24;C&M;Vrouw;14;14;100.0
05. 13556-21AF-000;23-24;E&M/C&M;Man;18;17;94.4
05. 13556-21AF-000;23-24;E&M/C&M;Vrouw;20;19;95.0
05. 13556-21AF-000;23-24;N&G;Man;7;7;100.0
05. 13556-21AF-000;23-24;N&G;Vrouw;10;10;100.0
05. 13556-21AF-000;23-24;N&G/C&M;Man;0;0;0.0
05. 13556-21AF-000;23-24;N&G/C&M;Vrouw;0;0;0.0
05. 13556-21AF-000;23-24;N&G/E&M;Man;0;0;0.0
05. 13556-21AF-000;23-24;N&G/E&M;Vrouw;0;0;0.0
05. 13556-21AF-000;23-24;N&T;Man;0;0;0.0
05. 13556-21AF-000;23-24;N&T/E&M;Man;0;0;0.0
05. 13556-21AF-000;23-24;N&T/E&M;Vrouw;0;0;0.0
05. 13556-21AF-000;23-24;N&T/N&G;Man;28;27;96.4
05. 13556-21AF-000;23-24;N&T/N&G;Vrouw;30;28;93.3
05. 13556-21AF-000;24-25;C&M;Man;6;6;100.0
05. 13556-21AF-000;24-25;C&M;Vrouw;11;9;81.8
05. 13556-21AF-000;24-25;E&M/C&M;Man;21;20;95.2
05. 13556-21AF-000;24-25;E&M/C&M;Vrouw;6;6;100.0
05. 13556-21AF-000;24-25;N&G;Vrouw;14;13;92.9
05. 13556-21AF-000;24-25;N&G/C&M;Man;0;0;0.0
05. 13556-21AF-000;24-25;N&G/C&M;Vrouw;0;0;0.0
05. 13556-21AF-000;24-25;N&G/E&M;Vrouw;0;0;0.0
05. 13556-21AF-000;24-25;N&T;Man;0;0;0.0
05. 13556-21AF-000;24-25;N&T/E&M;Man;0;0;0.0
05. 13556-21AF-000;24-25;N&T/E&M;Vrouw;0;0;0.0
05. 13556-21AF-000;24-25;N&T/N&G;Man;36;33;91.7
05. 13556-21AF-000;24-25;N&T/N&G;Vrouw;22;21;95.5
06. 42818-20QU-000;21-22;C&M;Vrouw;6;6;100.0
06. 42818-20QU-000;21-22;E&M/C&M;Man;14;11;78.6
06. 42818-20QU-000;21-22;E&M/C&M;Vrouw;14;13;92.9
06. 42818-20QU-000;21-22;N&G;Man;11;10;90.9
06. 42818-20QU-000;21-22;N&G;Vrouw;6;6;100.0
06. 42818-20QU-000;21-22;N&G/E&M;Man;0;0;0.0
06. 42818-20QU-000;21-22;N&G/E&M;Vrouw;0;0;0.0
06. 42818-20QU-000;21-22;N&T;Man;5;5;100.0
06. 42818-20QU-000;21-22;N&T/N&G;Man;12;12;100.0
06. 42818-20QU-000;21-22;N&T/N&G;Vrouw;18;17;94.4
06. 42818-20QU-000;22-23;C&M;Vrouw;7;;57.1
06. 42818-20QU-000;22-23;E&M;Man;5;;80.0
06. 42818-20QU-000;22-23;E&M;Vrouw;0;0;0.0
06. 42818-20QU-000;22-23;E&M/C&M;Man;22;18;81.8
06. 42818-20QU-000;22-23;E&M/C&M;Vrouw;10;7;70.0
06. 42818-20QU-000;22-23;N&G;Man;12;10;83.3
06. 42818-20QU-000;22-23;N&G;Vrouw;11;8;72.7
06. 42818-20QU-000;22-23;N&G/E&M;Man;0;0;0.0
06. 42818-20QU-000;22-23;N&G/E&M;Vrouw;0;0;0.0
06. 42818-20QU-000;22-23;N&T/N&G;Man;15;15;100.0
06. 42818-20QU-000;22-23;N&T/N&G;Vrouw;11;10;90.9
06. 42818-20QU-000;23-24;C&M;Man;0;0;0.0
06. 42818-20QU-000;23-24;C&M;Vrouw;7;6;85.7
06. 42818-20QU-000;23-24;E&M;Vrouw;0;0;0.0
06. 42818-20QU-000;23-24;E&M/C&M;Man;18;15;83.3
06. 42818-20QU-000;23-24;E&M/C&M;Vrouw;8;7;87.5
06. 42818-20QU-000;23-24;N&G;Man;16;13;81.2
06. 42818-20QU-000;23-24;N&G;Vrouw;12;9;75.0
06. 42818-20QU-000;23-24;N&G/E&M;Man;0;0;0.0
06. 42818-20QU-000;23-24;N&G/E&M;Vrouw;0;0;0.0
06. 42818-20QU-000;23-24;N&T;Man;5;5;100.0
06. 42818-20QU-000;23-24;N&T/N&G;Man;6;6;100.0
06. 42818-20QU-000;23-24;N&T/N&G;Vrouw;14;13;92.9
06. 42818-20QU-000;24-25;C&M;Man;0;0;0.0
06. 42818-20QU-000;24-25;C&M;Vrouw;7;5;71.4
06. 42818-20QU-000;24-25;E&M;Man;5;;80.0
06. 42818-20QU-000;24-25;E&M;Vrouw;0;0;0.0
06. 42818-20QU-000;24-25;E&M/C&M;Man;13;12;92.3
06. 42818-20QU-000;24-25;E&M/C&M;Vrouw;10;10;100.0
06. 42818-20QU-000;24-25;N&G;Man;13;9;69.2
06. 42818-20QU-000;24-25;N&G;Vrouw;14;10;71.4
06. 42818-20QU-000;24-25;N&G/E&M;Man;0;0;0.0
06. 42818-20QU-000;24-25;N&G/E&M;Vrouw;0;0;0.0
06. 42818-20QU-000;24-25;N&T/N&G;Man;11;11;100.0
06. 42818-20QU-000;24-25;N&T/N&G;Vrouw;14;12;85.7
07. 13554-20RM-000;21-22;C&M;Vrouw;16;14;87.5
07. 13554-20RM-000;21-22;E&M;Vrouw;0;0;0.0
07. 13554-20RM-000;21-22;E&M/C&M;Man;18;16;88.9
07. 13554-20RM-000;21-22;E&M/C&M;Vrouw;13;13;100.0
07. 13554-20RM-000;21-22;N&G;Man;12;9;75.0
07. 13554-20RM-000;21-22;N&G;Vrouw;13;12;92.3
07. 13554-20RM-000;21-22;N&T;Man;7;6;85.7
07. 13554-20RM-000;21-22;N&T/E&M;Man;0;0;0.0
07. 13554-20RM-000;21-22;N&T/E&M;Vrouw;0;0;0.0
07. 13554-20RM-000;21-22;N&T/N&G;Man;20;18;90.0
07. 13554-20RM-000;21-22;N&T/N&G;Vrouw;31;30;96.8
07. 13554-20RM-000;22-23;C&M;Man;7;6;85.7
07. 13554-20RM-000;22-23;C&M;Vrouw;13;11;84.6
07. 13554-20RM-000;22-23;E&M;Vrouw;7;7;100.0
07. 13554-20RM-000;22-23;E&M/C&M;Man;11;8;72.7
07. 13554-20RM-000;22-23;E&M/C&M;Vrouw;12;10;83.3
07. 13554-20RM-000;22-23;N&G;Man;11;5;45.5
07. 13554-20RM-000;22-23;N&G;Vrouw;8;6;75.0
07. 13554-20RM-000;22-23;N&G/C&M;Man;0;0;0.0
07. 13554-20RM-000;22-23;N&G/C&M;Vrouw;0;0;0.0
07. 13554-20RM-000;22-23;N&T;Vrouw;0;0;0.0
07. 13554-20RM-000;22-23;N&T/E&M;Man;0;0;0.0
07. 13554-20RM-000;22-23;N&T/E&M;Vrouw;0;0;0.0
07. 13554-20RM-000;22-23;N&T/N&G;Man;32;29;90.6
07. 13554-20RM-000;22-23;N&T/N&G;Vrouw;34;27;79.4
07. 13554-20RM-000;23-24;C&M;Vrouw;10;10;100.0
07. 13554-20RM-000;23-24;E&M;Man;;0;0.0
07. 13554-20RM-000;23-24;E&M;Vrouw;0;0;0.0
07. 13554-20RM-000;23-24;E&M/C&M;Man;17;14;82.4
07. 13554-20RM-000;23-24;E&M/C&M;Vrouw;11;5;45.5
07. 13554-20RM-000;23-24;N&G;Vrouw;9;8;88.9
07. 13554-20RM-000;23-24;N&G/C&M;Man;0;0;0.0
07. 13554-20RM-000;23-24;N&G/C&M;Vrouw;0;0;0.0
07. 13554-20RM-000;23-24;N&T/E&M;Man;0;0;0.0
07. 13554-20RM-000;23-24;N&T/E&M;Vrouw;0;0;0.0
07. 13554-20RM-000;23-24;N&T/N&G;Man;30;25;83.3
07. 13554-20RM-000;23-24;N&T/N&G;Vrouw;35;32;91.4
07. 13554-20RM-000;24-25;C&M;Vrouw;12;11;91.7
07. 13554-20RM-000;24-25;E&M;Vrouw;0;0;0.0
07. 13554-20RM-000;24-25;E&M/C&M;Man;10;7;70.0
07. 13554-20RM-000;24-25;E&M/C&M;Vrouw;8;7;87.5
07. 13554-20RM-000;24-25;N&G;Man;8;7;87.5
07. 13554-20RM-000;24-25;N&G;Vrouw;11;8;72.7
07. 13554-20RM-000;24-25;N&G/C&M;Man;0;0;0.0
07. 13554-20RM-000;24-25;N&G/C&M;Vrouw;0;0;0.0
07. 13554-20RM-000;24-25;N&T;Man;7;6;85.7
07. 13554-20RM-000;24-25;N&T;Vrouw;0;0;0.0
07. 13554-20RM-000;24-25;N&T/E&M;Man;0;0;0.0
07. 13554-20RM-000;24-25;N&T/E&M;Vrouw;0;0;0.0
07. 13554-20RM-000;24-25;N&T/N&G;Man;30;26;86.7
07. 13554-20RM-000;24-25;N&T/N&G;Vrouw;21;18;85.7
08. 41211-02FY-007;21-22;C&M;Man;0;0;0.0
08. 41211-02FY-007;21-22;C&M;Man;0;0;0.0
08. 41211-02FY-007;21-22;C&M;Vrouw;6;6;100.0
08. 41211-02FY-007;21-22;C&M;Vrouw;0;0;0.0
08. 41211-02FY-007;21-22;E&M;Man;5;5;100.0
08. 41211-02FY-007;21-22;E&M;Man;0;0;0.0
08. 41211-02FY-007;21-22;E&M;Vrouw;0;0;0.0
08. 41211-02FY-007;21-22;E&M/C&M;Man;0;0;0.0
08. 41211-02FY-007;21-22;E&M/C&M;Man;0;0;0.0
08. 41211-02FY-007;21-22;E&M/C&M;Vrouw;0;0;0.0
08. 41211-02FY-007;21-22;N&G;Man;0;0;0.0
08. 41211-02FY-007;21-22;N&G;Vrouw;8;8;100.0
08. 41211-02FY-007;21-22;N&G;Vrouw;0;0;0.0
08. 41211-02FY-007;21-22;N&G/C&M;Man;0;0;0.0
08. 41211-02FY-007;21-22;N&G/C&M;Vrouw;0;0;0.0
08. 41211-02FY-007;21-22;N&T;Man;0;0;0.0
08. 41211-02FY-007;21-22;N&T;Vrouw;0;0;0.0
08. 41211-02FY-007;21-22;N&T/N&G;Man;5;5;100.0
08. 41211-02FY-007;21-22;N&T/N&G;Man;0;0;0.0
08. 41211-02FY-007;21-22;N&T/N&G;Vrouw;8;7;87.5
08. 41211-02FY-007;21-22;N&T/N&G;Vrouw;0;0;0.0
08. 41211-02FY-007;22-23;C&M;Man;0;0;0.0
08. 41211-02FY-007;22-23;C&M;Man;;0;0.0
08. 41211-02FY-007;22-23;C&M;Vrouw;0;0;0.0
08. 41211-02FY-007;22-23;E&M;Man;0;0;0.0
08. 41211-02FY-007;22-23;E&M;Vrouw;7;6;85.7
08. 41211-02FY-007;22-23;E&M;Vrouw;0;0;0.0
08. 41211-02FY-007;22-23;E&M/C&M;Vrouw;9;8;88.9
08. 41211-02FY-007;22-23;N&G;Man;5;;60.0
08. 41211-02FY-007;22-23;N&G;Man;5;5;100.0
08. 41211-02FY-007;22-23;N&G;Vrouw;7;;42.9
08. 41211-02FY-007;22-23;N&G;Vrouw;5;5;100.0
08. 41211-02FY-007;22-23;N&G/C&M;Man;0;0;0.0
08. 41211-02FY-007;22-23;N&T;Man;6;5;83.3
08. 41211-02FY-007;22-23;N&T;Man;0;0;0.0
08. 41211-02FY-007;22-23;N&T/N&G;Man;7;6;85.7
08. 41211-02FY-007;22-23;N&T/N&G;Man;13;13;100.0
08. 41211-02FY-007;22-23;N&T/N&G;Vrouw;7;;57.1
08. 41211-02FY-007;22-23;N&T/N&G;Vrouw;5;5;100.0
08. 41211-02FY-007;23-24;C&M;Man;0;0;0.0
08. 41211-02FY-007;23-24;E&M;Man;11;10;90.9
08. 41211-02FY-007;23-24;E&M;Vrouw;7;5;71.4
08. 41211-02FY-007;23-24;E&M;Vrouw;0;0;0.0
08. 41211-02FY-007;23-24;E&M/C&M;Vrouw;12;10;83.3
08. 41211-02FY-007;23-24;N&G;Vrouw;10;9;90.0
08. 41211-02FY-007;23-24;N&G/C&M;Vrouw;0;0;0.0
08. 41211-02FY-007;23-24;N&T;Man;5;5;100.0
08. 41211-02FY-007;23-24;N&T/N&G;Man;11;10;90.9
08. 41211-02FY-007;23-24;N&T/N&G;Vrouw;8;7;87.5
08. 41211-02FY-007;23-24;N&T/N&G;Vrouw;8;7;87.5
08. 41211-02FY-007;24-25;C&M;Man;0;0;0.0
08. 41211-02FY-007;24-25;C&M;Man;0;0;0.0
08. 41211-02FY-007;24-25;C&M;Vrouw;0;0;0.0
08. 41211-02FY-007;24-25;E&M;Man;7;6;85.7
08. 41211-02FY-007;24-25;E&M/C&M;Man;0;0;0.0
08. 41211-02FY-007;24-25;E&M/C&M;Man;7;5;71.4
08. 41211-02FY-007;24-25;E&M/C&M;Vrouw;11;11;100.0
08. 41211-02FY-007;24-25;N&G;Vrouw;9;8;88.9
08. 41211-02FY-007;24-25;N&G/C&M;Man;0;0;0.0
08. 41211-02FY-007;24-25;N&G/C&M;Vrouw;0;0;0.0
08. 41211-02FY-007;24-25;N&T;Man;5;;80.0
08. 41211-02FY-007;24-25;N&T/N&G;Man;11;10;90.9
08. 41211-02FY-007;24-25;N&T/N&G;Vrouw;5;;60.0
08. 41211-02FY-007;24-25;N&T/N&G;Vrouw;8;;50.0
09. 42992-03AM-000;21-22;C&M;Man;6;5;83.3
09. 42992-03AM-000;21-22;C&M;Vrouw;19;18;94.7
09. 42992-03AM-000;21-22;E&M;Man;5;5;100.0
09. 42992-03AM-000;21-22;E&M/C&M;Man;21;17;81.0
09. 42992-03AM-000;21-22;E&M/C&M;Vrouw;32;30;93.8
09. 42992-03AM-000;21-22;N&G;Man;12;12;100.0
09. 42992-03AM-000;21-22;N&G;Vrouw;11;10;90.9
09. 42992-03AM-000;21-22;N&T;Man;12;11;91.7
09. 42992-03AM-000;21-22;N&T/E&M;Man;0;0;0.0
09. 42992-03AM-000;21-22;N&T/E&M;Vrouw;0;0;0.0
09. 42992-03AM-000;21-22;N&T/N&G;Man;15;13;86.7
09. 42992-03AM-000;21-22;N&T/N&G;Vrouw;18;18;100.0
09. 42992-03AM-000;22-23;C&M;Man;5;;80.0
09. 42992-03AM-000;22-23;C&M;Vrouw;17;14;82.4
09. 42992-03AM-000;22-23;E&M/C&M;Man;34;28;82.4
09. 42992-03AM-000;22-23;E&M/C&M;Vrouw;17;15;88.2
09. 42992-03AM-000;22-23;N&G;Man;14;10;71.4
09. 42992-03AM-000;22-23;N&G;Vrouw;13;11;84.6
09. 42992-03AM-000;22-23;N&T;Man;12;12;100.0
09. 42992-03AM-000;22-23;N&T/E&M;Man;0;0;0.0
09. 42992-03AM-000;22-23;N&T/E&M;Vrouw;0;0;0.0
09. 42992-03AM-000;22-23;N&T/N&G;Man;11;9;81.8
09. 42992-03AM-000;22-23;N&T/N&G;Vrouw;14;14;100.0
09. 42992-03AM-000;23-24;C&M;Man;7;7;100.0
09. 42992-03AM-000;23-24;C&M;Vrouw;17;16;94.1
09. 42992-03AM-000;23-24;E&M;Man;5;5;100.0
09. 42992-03AM-000;23-24;E&M;Vrouw;0;0;0.0
09. 42992-03AM-000;23-24;E&M/C&M;Man;30;30;100.0
09. 42992-03AM-000;23-24;E&M/C&M;Vrouw;28;27;96.4
09. 42992-03AM-000;23-24;N&G;Man;9;9;100.0
09. 42992-03AM-000;23-24;N&G;Vrouw;18;16;88.9
09. 42992-03AM-000;23-24;N&T;Man;5;5;100.0
09. 42992-03AM-000;23-24;N&T/E&M;Man;0;0;0.0
09. 42992-03AM-000;23-24;N&T/E&M;Vrouw;0;0;0.0
09. 42992-03AM-000;23-24;N&T/N&G;Man;12;12;100.0
09. 42992-03AM-000;23-24;N&T/N&G;Vrouw;14;14;100.0
09. 42992-03AM-000;24-25;C&M;Man;5;;80.0
09. 42992-03AM-000;24-25;C&M;Vrouw;9;8;88.9
09. 42992-03AM-000;24-25;E&M;Vrouw;0;0;0.0
09. 42992-03AM-000;24-25;E&M/C&M;Man;27;23;85.2
09. 42992-03AM-000;24-25;E&M/C&M;Vrouw;29;24;82.8
09. 42992-03AM-000;24-25;N&G;Man;5;5;100.0
09. 42992-03AM-000;24-25;N&G;Vrouw;8;7;87.5
09. 42992-03AM-000;24-25;N&T;Man;11;10;90.9
09. 42992-03AM-000;24-25;N&T;Vrouw;7;6;85.7
09. 42992-03AM-000;24-25;N&T/E&M;Vrouw;0;0;0.0
09. 42992-03AM-000;24-25;N&T/N&G;Man;13;13;100.0
09. 42992-03AM-000;24-25;N&T/N&G;Vrouw;13;12;92.3
10. 40856-02QP-000;21-22;C&M;Man;0;0;0.0
10. 40856-02QP-000;21-22;C&M;Vrouw;7;7;100.0
10. 40856-02QP-000;21-22;E&M/C&M;Man;7;7;100.0
10. 40856-02QP-000;21-22;N&G;Vrouw;6;;66.7
10. 40856-02QP-000;21-22;N&G/C&M;Man;0;0;0.0
10. 40856-02QP-000;21-22;N&G/C&M;Vrouw;0;0;0.0
10. 40856-02QP-000;21-22;N&G/E&M;Man;0;0;0.0
10. 40856-02QP-000;21-22;N&G/E&M;Vrouw;0;0;0.0
10. 40856-02QP-000;21-22;N&T;Man;6;6;100.0
10. 40856-02QP-000;21-22;N&T/C&M;Vrouw;0;0;0.0
10. 40856-02QP-000;21-22;N&T/E&M;Man;0;0;0.0
10. 40856-02QP-000;21-22;N&T/N&G;Man;11;9;81.8
10. 40856-02QP-000;21-22;N&T/N&G;Vrouw;10;9;90.0
10. 40856-02QP-000;22-23;E&M;Man;7;5;71.4
10. 40856-02QP-000;22-23;E&M;Vrouw;0;0;0.0
10. 40856-02QP-000;22-23;E&M/C&M;Vrouw;6;6;100.0
10. 40856-02QP-000;22-23;N&G;Vrouw;10;8;80.0
10. 40856-02QP-000;22-23;N&G/C&M;Man;0;0;0.0
10. 40856-02QP-000;22-23;N&G/C&M;Vrouw;0;0;0.0
10. 40856-02QP-000;22-23;N&G/E&M;Man;0;0;0.0
10. 40856-02QP-000;22-23;N&G/E&M;Vrouw;0;0;0.0
10. 40856-02QP-000;22-23;N&T;Man;5;;80.0
10. 40856-02QP-000;22-23;N&T;Vrouw;0;0;0.0
10. 40856-02QP-000;22-23;N&T/C&M;Man;0;0;0.0
10. 40856-02QP-000;22-23;N&T/C&M;Vrouw;0;0;0.0
10. 40856-02QP-000;22-23;N&T/E&M;Man;0;0;0.0
10. 40856-02QP-000;22-23;N&T/E&M;Vrouw;0;0;0.0
10. 40856-02QP-000;22-23;N&T/N&G;Man;7;7;100.0
10. 40856-02QP-000;22-23;N&T/N&G;Vrouw;5;5;100.0
10. 40856-02QP-000;23-24;C&M;Vrouw;6;5;83.3
10. 40856-02QP-000;23-24;E&M;Man;6;5;83.3
10. 40856-02QP-000;23-24;E&M/C&M;Man;13;11;84.6
10. 40856-02QP-000;23-24;E&M/C&M;Vrouw;5;;80.0
10. 40856-02QP-000;23-24;N&G/C&M;Man;0;0;0.0
10. 40856-02QP-000;23-24;N&G/C&M;Vrouw;0;0;0.0
10. 40856-02QP-000;23-24;N&G/E&M;Man;0;0;0.0
10. 40856-02QP-000;23-24;N&G/E&M;Vrouw;0;0;0.0
10. 40856-02QP-000;23-24;N&T/C&M;Man;0;0;0.0
10. 40856-02QP-000;23-24;N&T/C&M;Vrouw;0;0;0.0
10. 40856-02QP-000;23-24;N&T/E&M;Man;0;0;0.0
10. 40856-02QP-000;23-24;N&T/E&M;Vrouw;0;0;0.0
10. 40856-02QP-000;23-24;N&T/N&G;Man;8;8;100.0
10. 40856-02QP-000;23-24;N&T/N&G;Vrouw;5;5;100.0
10. 40856-02QP-000;24-25;E&M;Man;7;6;85.7
10. 40856-02QP-000;24-25;E&M/C&M;Man;16;13;81.2
10. 40856-02QP-000;24-25;E&M/C&M;Vrouw;9;6;66.7
10. 40856-02QP-000;24-25;N&G;Man;9;9;100.0
10. 40856-02QP-000;24-25;N&G/C&M;Man;0;0;0.0
10. 40856-02QP-000;24-25;N&G/C&M;Vrouw;0;0;0.0
10. 40856-02QP-000;24-25;N&G/E&M;Vrouw;0;0;0.0
10. 40856-02QP-000;24-25;N&T;Vrouw;0;0;0.0
10. 40856-02QP-000;24-25;N&T/C&M;Man;0;0;0.0
10. 40856-02QP-000;24-25;N&T/C&M;Vrouw;0;0;0.0
10. 40856-02QP-000;24-25;N&T/E&M;Man;0;0;0.0
10. 40856-02QP-000;24-25;N&T/E&M;Vrouw;0;0;0.0
10. 40856-02QP-000;24-25;N&T/N&G;Man;7;7;100.0
10. 40856-02QP-000;24-25;N&T/N&G;Vrouw;5;5;100.0
11. 41513-20KZ-000;21-22;C&M;Vrouw;9;8;88.9
11. 41513-20KZ-000;21-22;E&M;Man;7;7;100.0
11. 41513-20KZ-000;21-22;E&M/C&M;Man;20;20;100.0
11. 41513-20KZ-000;21-22;E&M/C&M;Vrouw;23;22;95.7
11. 41513-20KZ-000;21-22;N&G;Man;10;9;90.0
11. 41513-20KZ-000;21-22;N&G;Vrouw;5;5;100.0
11. 41513-20KZ-000;21-22;N&G/C&M;Man;0;0;0.0
11. 41513-20KZ-000;21-22;N&G/E&M;Man;0;0;0.0
11. 41513-20KZ-000;21-22;N&G/E&M;Vrouw;0;0;0.0
11. 41513-20KZ-000;21-22;N&T;Vrouw;0;0;0.0
11. 41513-20KZ-000;21-22;N&T/N&G;Man;31;31;100.0
11. 41513-20KZ-000;21-22;N&T/N&G;Vrouw;26;22;84.6
11. 41513-20KZ-000;22-23;C&M;Man;0;0;0.0
11. 41513-20KZ-000;22-23;C&M;Vrouw;8;8;100.0
11. 41513-20KZ-000;22-23;E&M;Man;9;8;88.9
11. 41513-20KZ-000;22-23;E&M/C&M;Man;11;10;90.9
11. 41513-20KZ-000;22-23;E&M/C&M;Vrouw;18;16;88.9
11. 41513-20KZ-000;22-23;N&G;Man;6;6;100.0
11. 41513-20KZ-000;22-23;N&G;Vrouw;15;13;86.7
11. 41513-20KZ-000;22-23;N&G/C&M;Man;0;0;0.0
11. 41513-20KZ-000;22-23;N&G/C&M;Vrouw;0;0;0.0
11. 41513-20KZ-000;22-23;N&G/E&M;Man;0;0;0.0
11. 41513-20KZ-000;22-23;N&T;Vrouw;0;0;0.0
11. 41513-20KZ-000;22-23;N&T/N&G;Man;20;19;95.0
11. 41513-20KZ-000;22-23;N&T/N&G;Vrouw;25;25;100.0
11. 41513-20KZ-000;23-24;C&M;Man;0;0;0.0
11. 41513-20KZ-000;23-24;C&M;Vrouw;5;;80.0
11. 41513-20KZ-000;23-24;E&M;Man;5;5;100.0
11. 41513-20KZ-000;23-24;E&M/C&M;Man;15;14;93.3
11. 41513-20KZ-000;23-24;E&M/C&M;Vrouw;9;8;88.9
11. 41513-20KZ-000;23-24;N&G;Vrouw;16;15;93.8
11. 41513-20KZ-000;23-24;N&G/C&M;Man;0;0;0.0
11. 41513-20KZ-000;23-24;N&G/C&M;Vrouw;0;0;0.0
11. 41513-20KZ-000;23-24;N&G/E&M;Man;0;0;0.0
11. 41513-20KZ-000;23-24;N&G/E&M;Vrouw;0;0;0.0
11. 41513-20KZ-000;23-24;N&T;Man;0;0;0.0
11. 41513-20KZ-000;23-24;N&T;Vrouw;0;0;0.0
11. 41513-20KZ-000;23-24;N&T/N&G;Man;19;18;94.7
11. 41513-20KZ-000;23-24;N&T/N&G;Vrouw;20;20;100.0
11. 41513-20KZ-000;24-25;C&M;Man;0;0;0.0
11. 41513-20KZ-000;24-25;C&M;Vrouw;6;6;100.0
11. 41513-20KZ-000;24-25;E&M/C&M;Man;11;9;81.8
11. 41513-20KZ-000;24-25;E&M/C&M;Vrouw;19;15;78.9
11. 41513-20KZ-000;24-25;N&G;Man;9;7;77.8
11. 41513-20KZ-000;24-25;N&G;Vrouw;10;7;70.0
11. 41513-20KZ-000;24-25;N&G/C&M;Man;0;0;0.0
11. 41513-20KZ-000;24-25;N&G/E&M;Man;0;0;0.0
11. 41513-20KZ-000;24-25;N&G/E&M;Vrouw;0;0;0.0
11. 41513-20KZ-000;24-25;N&T;Man;0;0;0.0
11. 41513-20KZ-000;24-25;N&T/N&G;Man;16;14;87.5
11. 41513-20KZ-000;24-25;N&T/N&G;Vrouw;13;12;92.3
13. 41386-19ZU-000;21-22;C&M;Vrouw;6;5;83.3
13. 41386-19ZU-000;21-22;E&M/C&M;Man;21;20;95.2
13. 41386-19ZU-000;21-22;E&M/C&M;Vrouw;7;6;85.7
13. 41386-19ZU-000;21-22;N&G;Man;12;12;100.0
13. 41386-19ZU-000;21-22;N&G;Vrouw;18;16;88.9
13. 41386-19ZU-000;21-22;N&G/C&M;Vrouw;0;0;0.0
13. 41386-19ZU-000;21-22;N&T/E&M;Man;0;0;0.0
13. 41386-19ZU-000;21-22;N&T/E&M;Vrouw;0;0;0.0
13. 41386-19ZU-000;21-22;N&T/N&G;Man;20;20;100.0
13. 41386-19ZU-000;21-22;N&T/N&G;Vrouw;18;18;100.0
13. 41386-19ZU-000;22-23;C&M;Vrouw;11;8;72.7
13. 41386-19ZU-000;22-23;E&M;Man;5;5;100.0
13. 41386-19ZU-000;22-23;E&M;Vrouw;;0;0.0
13. 41386-19ZU-000;22-23;E&M/C&M;Man;6;6;100.0
13. 41386-19ZU-000;22-23;E&M/C&M;Vrouw;13;9;69.2
13. 41386-19ZU-000;22-23;N&G;Man;6;;66.7
13. 41386-19ZU-000;22-23;N&G;Vrouw;11;7;63.6
13. 41386-19ZU-000;22-23;N&G/C&M;Man;0;0;0.0
13. 41386-19ZU-000;22-23;N&G/E&M;Man;0;0;0.0
13. 41386-19ZU-000;22-23;N&G/E&M;Vrouw;0;0;0.0
13. 41386-19ZU-000;22-23;N&T;Vrouw;0;0;0.0
13. 41386-19ZU-000;22-23;N&T/E&M;Vrouw;0;0;0.0
13. 41386-19ZU-000;22-23;N&T/N&G;Man;19;19;100.0
13. 41386-19ZU-000;22-23;N&T/N&G;Vrouw;16;15;93.8
13. 41386-19ZU-000;23-24;C&M;Man;6;;66.7
13. 41386-19ZU-000;23-24;C&M;Vrouw;6;6;100.0
13. 41386-19ZU-000;23-24;E&M;Man;11;9;81.8
13. 41386-19ZU-000;23-24;E&M/C&M;Man;11;11;100.0
13. 41386-19ZU-000;23-24;E&M/C&M;Vrouw;9;6;66.7
13. 41386-19ZU-000;23-24;N&G;Man;9;9;100.0
13. 41386-19ZU-000;23-24;N&G;Vrouw;13;10;76.9
13. 41386-19ZU-000;23-24;N&G/C&M;Man;0;0;0.0
13. 41386-19ZU-000;23-24;N&G/E&M;Man;0;0;0.0
13. 41386-19ZU-000;23-24;N&G/E&M;Vrouw;0;0;0.0
13. 41386-19ZU-000;23-24;N&T/E&M;Man;0;0;0.0
13. 41386-19ZU-000;23-24;N&T/E&M;Vrouw;0;0;0.0
13. 41386-19ZU-000;23-24;N&T/N&G;Man;21;21;100.0
13. 41386-19ZU-000;23-24;N&T/N&G;Vrouw;15;14;93.3
13. 41386-19ZU-000;24-25;C&M;Vrouw;6;6;100.0
13. 41386-19ZU-000;24-25;E&M;Man;5;;80.0
13. 41386-19ZU-000;24-25;E&M/C&M;Man;11;11;100.0
13. 41386-19ZU-000;24-25;E&M/C&M;Vrouw;5;;80.0
13. 41386-19ZU-000;24-25;N&G;Man;12;8;66.7
13. 41386-19ZU-000;24-25;N&G/C&M;Vrouw;0;0;0.0
13. 41386-19ZU-000;24-25;N&G/E&M;Man;0;0;0.0
13. 41386-19ZU-000;24-25;N&G/E&M;Vrouw;0;0;0.0
13. 41386-19ZU-000;24-25;N&T/N&G;Man;20;19;95.0
13. 41386-19ZU-000;24-25;N&T/N&G;Vrouw;16;14;87.5
14. 41525-20AI-000;21-22;E&M;Man;0;0;0.0
14. 41525-20AI-000;21-22;E&M;Vrouw;0;0;0.0
14. 41525-20AI-000;21-22;E&M/C&M;Man;10;10;100.0
14. 41525-20AI-000;21-22;E&M/C&M;Vrouw;11;11;100.0
14. 41525-20AI-000;21-22;N&G;Man;23;21;91.3
14. 41525-20AI-000;21-22;N&G;Vrouw;14;11;78.6
14. 41525-20AI-000;21-22;N&G/E&M;Man;0;0;0.0
14. 41525-20AI-000;21-22;N&G/E&M;Vrouw;0;0;0.0
14. 41525-20AI-000;21-22;N&T;Man;5;5;100.0
14. 41525-20AI-000;21-22;N&T;Vrouw;0;0;0.0
14. 41525-20AI-000;21-22;N&T/N&G;Man;21;20;95.2
14. 41525-20AI-000;21-22;N&T/N&G;Vrouw;15;15;100.0
14. 41525-20AI-000;22-23;C&M;Man;0;0;0.0
14. 41525-20AI-000;22-23;C&M;Vrouw;10;7;70.0
14. 41525-20AI-000;22-23;E&M;Man;0;0;0.0
14. 41525-20AI-000;22-23;E&M;Vrouw;0;0;0.0
14. 41525-20AI-000;22-23;E&M/C&M;Man;8;7;87.5
14. 41525-20AI-000;22-23;E&M/C&M;Vrouw;7;7;100.0
14. 41525-20AI-000;22-23;N&G;Man;17;14;82.4
14. 41525-20AI-000;22-23;N&G;Vrouw;7;6;85.7
14. 41525-20AI-000;22-23;N&G/E&M;Man;0;0;0.0
14. 41525-20AI-000;22-23;N&G/E&M;Vrouw;0;0;0.0
14. 41525-20AI-000;22-23;N&T;Vrouw;0;0;0.0
14. 41525-20AI-000;22-23;N&T/N&G;Man;28;24;85.7
14. 41525-20AI-000;22-23;N&T/N&G;Vrouw;15;14;93.3
14. 41525-20AI-000;23-24;C&M;Man;5;5;100.0
14. 41525-20AI-000;23-24;C&M;Vrouw;14;13;92.9
14. 41525-20AI-000;23-24;E&M;Vrouw;0;0;0.0
14. 41525-20AI-000;23-24;E&M/C&M;Man;14;13;92.9
14. 41525-20AI-000;23-24;E&M/C&M;Vrouw;7;7;100.0
14. 41525-20AI-000;23-24;N&G;Man;22;14;63.6
14. 41525-20AI-000;23-24;N&G;Vrouw;18;12;66.7
14. 41525-20AI-000;23-24;N&G/E&M;Man;0;0;0.0
14. 41525-20AI-000;23-24;N&G/E&M;Vrouw;0;0;0.0
14. 41525-20AI-000;23-24;N&T;Man;5;5;100.0
14. 41525-20AI-000;23-24;N&T/N&G;Man;30;30;100.0
14. 41525-20AI-000;23-24;N&T/N&G;Vrouw;15;14;93.3
14. 41525-20AI-000;24-25;C&M;Vrouw;11;11;100.0
14. 41525-20AI-000;24-25;E&M/C&M;Man;8;8;100.0
14. 41525-20AI-000;24-25;E&M/C&M;Vrouw;6;6;100.0
14. 41525-20AI-000;24-25;N&G;Man;11;9;81.8
14. 41525-20AI-000;24-25;N&G;Vrouw;11;9;81.8
14. 41525-20AI-000;24-25;N&G/E&M;Man;0;0;0.0
14. 41525-20AI-000;24-25;N&G/E&M;Vrouw;0;0;0.0
14. 41525-20AI-000;24-25;N&T/N&G;Man;21;20;95.2
14. 41525-20AI-000;24-25;N&T/N&G;Vrouw;9;9;100.0
15. 41360-20LU-000;21-22;C&M;Vrouw;6;5;83.3
15. 41360-20LU-000;21-22;E&M;Man;0;0;0.0
15. 41360-20LU-000;21-22;E&M/C&M;Man;19;18;94.7
15. 41360-20LU-000;21-22;E&M/C&M;Vrouw;29;29;100.0
15. 41360-20LU-000;21-22;N&G;Man;5;;60.0
15. 41360-20LU-000;21-22;N&G/E&M;Vrouw;0;0;0.0
15. 41360-20LU-000;21-22;N&T;Man;5;5;100.0
15. 41360-20LU-000;21-22;N&T;Vrouw;0;0;0.0
15. 41360-20LU-000;21-22;N&T/E&M;Man;0;0;0.0
15. 41360-20LU-000;21-22;N&T/E&M;Vrouw;0;0;0.0
15. 41360-20LU-000;21-22;N&T/N&G;Man;26;24;92.3
15. 41360-20LU-000;21-22;N&T/N&G;Vrouw;23;22;95.7
15. 41360-20LU-000;22-23;C&M;Vrouw;11;11;100.0
15. 41360-20LU-000;22-23;E&M;Man;;0;0.0
15. 41360-20LU-000;22-23;E&M;Vrouw;0;0;0.0
15. 41360-20LU-000;22-23;E&M/C&M;Man;12;12;100.0
15. 41360-20LU-000;22-23;E&M/C&M;Vrouw;24;20;83.3
15. 41360-20LU-000;22-23;N&G;Man;7;6;85.7
15. 41360-20LU-000;22-23;N&G;Vrouw;7;7;100.0
15. 41360-20LU-000;22-23;N&G/E&M;Man;0;0;0.0
15. 41360-20LU-000;22-23;N&G/E&M;Vrouw;0;0;0.0
15. 41360-20LU-000;22-23;N&T;Man;10;10;100.0
15. 41360-20LU-000;22-23;N&T/E&M;Man;0;0;0.0
15. 41360-20LU-000;22-23;N&T/E&M;Vrouw;0;0;0.0
15. 41360-20LU-000;22-23;N&T/N&G;Man;27;26;96.3
15. 41360-20LU-000;22-23;N&T/N&G;Vrouw;21;21;100.0
15. 41360-20LU-000;23-24;C&M;Vrouw;13;11;84.6
15. 41360-20LU-000;23-24;E&M;Man;0;0;0.0
15. 41360-20LU-000;23-24;E&M;Vrouw;0;0;0.0
15. 41360-20LU-000;23-24;E&M/C&M;Man;22;21;95.5
15. 41360-20LU-000;23-24;E&M/C&M;Vrouw;17;13;76.5
15. 41360-20LU-000;23-24;N&G;Man;6;;66.7
15. 41360-20LU-000;23-24;N&G;Vrouw;8;6;75.0
15. 41360-20LU-000;23-24;N&G/E&M;Man;0;0;0.0
15. 41360-20LU-000;23-24;N&G/E&M;Vrouw;0;0;0.0
15. 41360-20LU-000;23-24;N&T;Man;9;9;100.0
15. 41360-20LU-000;23-24;N&T/E&M;Man;0;0;0.0
15. 41360-20LU-000;23-24;N&T/E&M;Vrouw;0;0;0.0
15. 41360-20LU-000;23-24;N&T/N&G;Man;19;18;94.7
15. 41360-20LU-000;23-24;N&T/N&G;Vrouw;20;19;95.0
15. 41360-20LU-000;24-25;C&M;Man;8;8;100.0
15. 41360-20LU-000;24-25;C&M;Vrouw;13;11;84.6
15. 41360-20LU-000;24-25;E&M;Man;0;0;0.0
15. 41360-20LU-000;24-25;E&M;Vrouw;0;0;0.0
15. 41360-20LU-000;24-25;E&M/C&M;Man;18;17;94.4
15. 41360-20LU-000;24-25;E&M/C&M;Vrouw;24;22;91.7
15. 41360-20LU-000;24-25;N&G;Man;10;9;90.0
15. 41360-20LU-000;24-25;N&G;Vrouw;6;;66.7
15. 41360-20LU-000;24-25;N&G/E&M;Man;0;0;0.0
15. 41360-20LU-000;24-25;N&G/E&M;Vrouw;0;0;0.0
15. 41360-20LU-000;24-25;N&T;Vrouw;0;0;0.0
15. 41360-20LU-000;24-25;N&T/E&M;Vrouw;0;0;0.0
15. 41360-20LU-000;24-25;N&T/N&G;Man;22;21;95.5
15. 41360-20LU-000;24-25;N&T/N&G;Vrouw;14;13;92.9
16. 33944-02DQ-000;21-22;C&M;Vrouw;14;13;92.9
16. 33944-02DQ-000;21-22;E&M;Vrouw;0;0;0.0
16. 33944-02DQ-000;21-22;E&M/C&M;Man;15;14;93.3
16. 33944-02DQ-000;21-22;E&M/C&M;Vrouw;23;20;87.0
16. 33944-02DQ-000;21-22;N&G;Man;8;8;100.0
16. 33944-02DQ-000;21-22;N&G/C&M;Man;0;0;0.0
16. 33944-02DQ-000;21-22;N&G/E&M;Man;0;0;0.0
16. 33944-02DQ-000;21-22;N&G/E&M;Vrouw;0;0;0.0
16. 33944-02DQ-000;21-22;N&T;Man;10;10;100.0
16. 33944-02DQ-000;21-22;N&T/C&M;Man;0;0;0.0
16. 33944-02DQ-000;21-22;N&T/E&M;Man;0;0;0.0
16. 33944-02DQ-000;21-22;N&T/E&M;Vrouw;0;0;0.0
16. 33944-02DQ-000;21-22;N&T/N&G;Man;18;18;100.0
16. 33944-02DQ-000;21-22;N&T/N&G;Vrouw;30;30;100.0
16. 33944-02DQ-000;22-23;C&M;Vrouw;10;10;100.0
16. 33944-02DQ-000;22-23;E&M;Man;10;9;90.0
16. 33944-02DQ-000;22-23;E&M/C&M;Man;16;15;93.8
16. 33944-02DQ-000;22-23;E&M/C&M;Vrouw;10;10;100.0
16. 33944-02DQ-000;22-23;N&G;Man;7;7;100.0
16. 33944-02DQ-000;22-23;N&G;Vrouw;7;7;100.0
16. 33944-02DQ-000;22-23;N&G/C&M;Man;0;0;0.0
16. 33944-02DQ-000;22-23;N&G/C&M;Vrouw;0;0;0.0
16. 33944-02DQ-000;22-23;N&G/E&M;Man;0;0;0.0
16. 33944-02DQ-000;22-23;N&G/E&M;Vrouw;0;0;0.0
16. 33944-02DQ-000;22-23;N&T;Man;5;5;100.0
16. 33944-02DQ-000;22-23;N&T;Vrouw;7;7;100.0
16. 33944-02DQ-000;22-23;N&T/C&M;Man;0;0;0.0
16. 33944-02DQ-000;22-23;N&T/C&M;Vrouw;0;0;0.0
16. 33944-02DQ-000;22-23;N&T/E&M;Man;0;0;0.0
16. 33944-02DQ-000;22-23;N&T/E&M;Vrouw;0;0;0.0
16. 33944-02DQ-000;22-23;N&T/N&G;Man;24;24;100.0
16. 33944-02DQ-000;22-23;N&T/N&G;Vrouw;19;19;100.0
16. 33944-02DQ-000;23-24;C&M;Vrouw;8;8;100.0
16. 33944-02DQ-000;23-24;E&M;Man;6;5;83.3
16. 33944-02DQ-000;23-24;E&M;Vrouw;0;0;0.0
16. 33944-02DQ-000;23-24;E&M/C&M;Man;6;5;83.3
16. 33944-02DQ-000;23-24;E&M/C&M;Vrouw;13;13;100.0
16. 33944-02DQ-000;23-24;N&G;Man;8;8;100.0
16. 33944-02DQ-000;23-24;N&G;Vrouw;6;6;100.0
16. 33944-02DQ-000;23-24;N&G/C&M;Man;0;0;0.0
16. 33944-02DQ-000;23-24;N&G/C&M;Vrouw;0;0;0.0
16. 33944-02DQ-000;23-24;N&G/E&M;Man;0;0;0.0
16. 33944-02DQ-000;23-24;N&G/E&M;Vrouw;0;0;0.0
16. 33944-02DQ-000;23-24;N&T;Man;6;6;100.0
16. 33944-02DQ-000;23-24;N&T/C&M;Man;0;0;0.0
16. 33944-02DQ-000;23-24;N&T/C&M;Vrouw;0;0;0.0
16. 33944-02DQ-000;23-24;N&T/E&M;Vrouw;0;0;0.0
16. 33944-02DQ-000;23-24;N&T/N&G;Man;21;21;100.0
16. 33944-02DQ-000;23-24;N&T/N&G;Vrouw;25;25;100.0
16. 33944-02DQ-000;24-25;C&M;Vrouw;5;5;100.0
16. 33944-02DQ-000;24-25;E&M;Man;5;5;100.0
16. 33944-02DQ-000;24-25;E&M;Vrouw;5;5;100.0
16. 33944-02DQ-000;24-25;E&M/C&M;Man;18;18;100.0
16. 33944-02DQ-000;24-25;E&M/C&M;Vrouw;8;7;87.5
16. 33944-02DQ-000;24-25;N&G;Vrouw;9;9;100.0
16. 33944-02DQ-000;24-25;N&G/C&M;Man;0;0;0.0
16. 33944-02DQ-000;24-25;N&G/C&M;Vrouw;0;0;0.0
16. 33944-02DQ-000;24-25;N&G/E&M;Man;0;0;0.0
16. 33944-02DQ-000;24-25;N&G/E&M;Vrouw;0;0;0.0
16. 33944-02DQ-000;24-25;N&T;Man;9;8;88.9
16. 33944-02DQ-000;24-25;N&T/C&M;Man;0;0;0.0
16. 33944-02DQ-000;24-25;N&T/C&M;Vrouw;0;0;0.0
16. 33944-02DQ-000;24-25;N&T/E&M;Man;0;0;0.0
16. 33944-02DQ-000;24-25;N&T/E&M;Vrouw;0;0;0.0
16. 33944-02DQ-000;24-25;N&T/N&G;Man;17;17;100.0
16. 33944-02DQ-000;24-25;N&T/N&G;Vrouw;32;31;96.9
17. 42510-20BV-000;21-22;C&M;Man;7;6;85.7
17. 42510-20BV-000;21-22;C&M;Vrouw;16;14;87.5
17. 42510-20BV-000;21-22;E&M;Man;0;0;0.0
17. 42510-20BV-000;21-22;E&M;Vrouw;;0;0.0
17. 42510-20BV-000;21-22;E&M/C&M;Man;12;12;100.0
17. 42510-20BV-000;21-22;E&M/C&M;Vrouw;8;8;100.0
17. 42510-20BV-000;21-22;N&G;Man;13;12;92.3
17. 42510-20BV-000;21-22;N&G;Vrouw;12;10;83.3
17. 42510-20BV-000;21-22;N&T;Man;9;8;88.9
17. 42510-20BV-000;21-22;N&T/N&G;Man;22;21;95.5
17. 42510-20BV-000;21-22;N&T/N&G;Vrouw;19;18;94.7
17. 42510-20BV-000;22-23;C&M;Vrouw;13;9;69.2
17. 42510-20BV-000;22-23;E&M/C&M;Man;5;5;100.0
17. 42510-20BV-000;22-23;E&M/C&M;Vrouw;7;;42.9
17. 42510-20BV-000;22-23;N&G;Man;10;7;70.0
17. 42510-20BV-000;22-23;N&G;Vrouw;15;12;80.0
17. 42510-20BV-000;22-23;N&T;Man;8;8;100.0
17. 42510-20BV-000;22-23;N&T;Vrouw;6;6;100.0
17. 42510-20BV-000;22-23;N&T/N&G;Man;18;17;94.4
17. 42510-20BV-000;22-23;N&T/N&G;Vrouw;18;17;94.4
17. 42510-20BV-000;23-24;C&M;Vrouw;18;18;100.0
17. 42510-20BV-000;23-24;E&M;Man;0;0;0.0
17. 42510-20BV-000;23-24;E&M/C&M;Man;11;10;90.9
17. 42510-20BV-000;23-24;E&M/C&M;Vrouw;11;9;81.8
17. 42510-20BV-000;23-24;N&G;Man;15;12;80.0
17. 42510-20BV-000;23-24;N&G;Vrouw;24;20;83.3
17. 42510-20BV-000;23-24;N&T;Man;8;8;100.0
17. 42510-20BV-000;23-24;N&T/N&G;Man;23;21;91.3
17. 42510-20BV-000;23-24;N&T/N&G;Vrouw;19;19;100.0
17. 42510-20BV-000;24-25;C&M;Vrouw;13;12;92.3
17. 42510-20BV-000;24-25;E&M;Man;6;5;83.3
17. 42510-20BV-000;24-25;E&M;Vrouw;;0;0.0
17. 42510-20BV-000;24-25;E&M/C&M;Man;12;8;66.7
17. 42510-20BV-000;24-25;E&M/C&M;Vrouw;5;5;100.0
17. 42510-20BV-000;24-25;N&G;Man;6;5;83.3
17. 42510-20BV-000;24-25;N&G;Vrouw;20;19;95.0
17. 42510-20BV-000;24-25;N&T;Man;8;7;87.5
17. 42510-20BV-000;24-25;N&T/N&G;Man;18;16;88.9
17. 42510-20BV-000;24-25;N&T/N&G;Vrouw;21;16;76.2
18. 31240-02CR-000;21-22;C&M;Vrouw;6;6;100.0
18. 31240-02CR-000;21-22;E&M;Man;6;6;100.0
18. 31240-02CR-000;21-22;E&M/C&M;Man;13;13;100.0
18. 31240-02CR-000;21-22;E&M/C&M;Vrouw;21;20;95.2
18. 31240-02CR-000;21-22;N&G;Man;8;8;100.0
18. 31240-02CR-000;21-22;N&G;Vrouw;16;14;87.5
18. 31240-02CR-000;21-22;N&G/C&M;Man;0;0;0.0
18. 31240-02CR-000;21-22;N&G/C&M;Vrouw;0;0;0.0
18. 31240-02CR-000;21-22;N&G/E&M;Man;0;0;0.0
18. 31240-02CR-000;21-22;N&G/E&M;Vrouw;0;0;0.0
18. 31240-02CR-000;21-22;N&T/E&M;Man;0;0;0.0
18. 31240-02CR-000;21-22;N&T/E&M;Vrouw;0;0;0.0
18. 31240-02CR-000;21-22;N&T/N&G;Man;18;18;100.0
18. 31240-02CR-000;21-22;N&T/N&G;Vrouw;21;19;90.5
18. 31240-02CR-000;22-23;C&M;Vrouw;10;10;100.0
18. 31240-02CR-000;22-23;E&M;Man;5;5;100.0
18. 31240-02CR-000;22-23;E&M/C&M;Man;11;10;90.9
18. 31240-02CR-000;22-23;E&M/C&M;Vrouw;13;11;84.6
18. 31240-02CR-000;22-23;N&G;Man;8;8;100.0
18. 31240-02CR-000;22-23;N&G;Vrouw;9;9;100.0
18. 31240-02CR-000;22-23;N&G/C&M;Man;0;0;0.0
18. 31240-02CR-000;22-23;N&G/C&M;Vrouw;0;0;0.0
18. 31240-02CR-000;22-23;N&G/E&M;Man;0;0;0.0
18. 31240-02CR-000;22-23;N&T;Man;5;5;100.0
18. 31240-02CR-000;22-23;N&T/E&M;Vrouw;0;0;0.0
18. 31240-02CR-000;22-23;N&T/N&G;Man;16;16;100.0
18. 31240-02CR-000;22-23;N&T/N&G;Vrouw;14;14;100.0
18. 31240-02CR-000;23-24;C&M;Man;5;;80.0
18. 31240-02CR-000;23-24;C&M;Vrouw;12;12;100.0
18. 31240-02CR-000;23-24;E&M/C&M;Man;15;15;100.0
18. 31240-02CR-000;23-24;E&M/C&M;Vrouw;12;9;75.0
18. 31240-02CR-000;23-24;N&G;Man;10;9;90.0
18. 31240-02CR-000;23-24;N&G;Vrouw;12;10;83.3
18. 31240-02CR-000;23-24;N&G/C&M;Man;0;0;0.0
18. 31240-02CR-000;23-24;N&G/E&M;Vrouw;0;0;0.0
18. 31240-02CR-000;23-24;N&T;Man;7;7;100.0
18. 31240-02CR-000;23-24;N&T/E&M;Man;0;0;0.0
18. 31240-02CR-000;23-24;N&T/E&M;Vrouw;0;0;0.0
18. 31240-02CR-000;23-24;N&T/N&G;Man;12;12;100.0
18. 31240-02CR-000;23-24;N&T/N&G;Vrouw;14;13;92.9
18. 31240-02CR-000;24-25;E&M;Man;8;7;87.5
18. 31240-02CR-000;24-25;E&M/C&M;Man;15;15;100.0
18. 31240-02CR-000;24-25;E&M/C&M;Vrouw;10;10;100.0
18. 31240-02CR-000;24-25;N&G;Vrouw;9;9;100.0
18. 31240-02CR-000;24-25;N&G/C&M;Man;0;0;0.0
18. 31240-02CR-000;24-25;N&G/C&M;Vrouw;0;0;0.0
18. 31240-02CR-000;24-25;N&G/E&M;Man;0;0;0.0
18. 31240-02CR-000;24-25;N&G/E&M;Vrouw;0;0;0.0
18. 31240-02CR-000;24-25;N&T/E&M;Man;0;0;0.0
18. 31240-02CR-000;24-25;N&T/E&M;Vrouw;0;0;0.0
18. 31240-02CR-000;24-25;N&T/N&G;Man;15;14;93.3
18. 31240-02CR-000;24-25;N&T/N&G;Vrouw;15;15;100.0
19. 13556-20QY-000;21-22;C&M;Man;10;9;90.0
19. 13556-20QY-000;21-22;C&M;Vrouw;7;7;100.0
19. 13556-20QY-000;21-22;E&M;Man;0;0;0.0
19. 13556-20QY-000;21-22;E&M;Vrouw;0;0;0.0
19. 13556-20QY-000;21-22;E&M/C&M;Man;24;22;91.7
19. 13556-20QY-000;21-22;E&M/C&M;Vrouw;19;18;94.7
19. 13556-20QY-000;21-22;N&G;Man;8;8;100.0
19. 13556-20QY-000;21-22;N&G;Vrouw;21;21;100.0
19. 13556-20QY-000;21-22;N&G/C&M;Man;0;0;0.0
19. 13556-20QY-000;21-22;N&G/C&M;Vrouw;0;0;0.0
19. 13556-20QY-000;21-22;N&G/E&M;Man;0;0;0.0
19. 13556-20QY-000;21-22;N&G/E&M;Vrouw;0;0;0.0
19. 13556-20QY-000;21-22;N&T;Man;17;17;100.0
19. 13556-20QY-000;21-22;N&T;Vrouw;7;7;100.0
19. 13556-20QY-000;21-22;N&T/N&G;Man;14;14;100.0
19. 13556-20QY-000;21-22;N&T/N&G;Vrouw;30;29;96.7
19. 13556-20QY-000;22-23;C&M;Man;5;5;100.0
19. 13556-20QY-000;22-23;C&M;Vrouw;10;9;90.0
19. 13556-20QY-000;22-23;E&M;Vrouw;0;0;0.0
19. 13556-20QY-000;22-23;E&M/C&M;Man;19;18;94.7
19. 13556-20QY-000;22-23;E&M/C&M;Vrouw;12;8;66.7
19. 13556-20QY-000;22-23;N&G;Man;7;6;85.7
19. 13556-20QY-000;22-23;N&G;Vrouw;10;8;80.0
19. 13556-20QY-000;22-23;N&G/E&M;Man;0;0;0.0
19. 13556-20QY-000;22-23;N&G/E&M;Vrouw;0;0;0.0
19. 13556-20QY-000;22-23;N&T;Man;14;14;100.0
19. 13556-20QY-000;22-23;N&T/N&G;Man;18;17;94.4
19. 13556-20QY-000;22-23;N&T/N&G;Vrouw;18;18;100.0
19. 13556-20QY-000;23-24;C&M;Vrouw;5;;80.0
19. 13556-20QY-000;23-24;E&M;Man;0;0;0.0
19. 13556-20QY-000;23-24;E&M;Vrouw;0;0;0.0
19. 13556-20QY-000;23-24;E&M/C&M;Man;22;20;90.9
19. 13556-20QY-000;23-24;E&M/C&M;Vrouw;14;14;100.0
19. 13556-20QY-000;23-24;N&G;Vrouw;11;10;90.9
19. 13556-20QY-000;23-24;N&G/C&M;Man;0;0;0.0
19. 13556-20QY-000;23-24;N&G/C&M;Vrouw;0;0;0.0
19. 13556-20QY-000;23-24;N&G/E&M;Vrouw;0;0;0.0
19. 13556-20QY-000;23-24;N&T;Man;14;13;92.9
19. 13556-20QY-000;23-24;N&T;Vrouw;9;9;100.0
19. 13556-20QY-000;23-24;N&T/N&G;Man;17;17;100.0
19. 13556-20QY-000;23-24;N&T/N&G;Vrouw;9;9;100.0
19. 13556-20QY-000;24-25;C&M;Vrouw;19;17;89.5
19. 13556-20QY-000;24-25;E&M;Vrouw;0;0;0.0
19. 13556-20QY-000;24-25;E&M/C&M;Man;31;30;96.8
19. 13556-20QY-000;24-25;N&G;Man;6;5;83.3
19. 13556-20QY-000;24-25;N&G;Vrouw;18;17;94.4
19. 13556-20QY-000;24-25;N&G/C&M;Man;0;0;0.0
19. 13556-20QY-000;24-25;N&G/E&M;Man;0;0;0.0
19. 13556-20QY-000;24-25;N&G/E&M;Vrouw;0;0;0.0
19. 13556-20QY-000;24-25;N&T;Man;13;13;100.0
19. 13556-20QY-000;24-25;N&T;Vrouw;8;8;100.0
19. 13556-20QY-000;24-25;N&T/N&G;Man;7;7;100.0
19. 13556-20QY-000;24-25;N&T/N&G;Vrouw;17;17;100.0
21. 13556-02DW-000;21-22;C&M;Vrouw;6;6;100.0
21. 13556-02DW-000;21-22;E&M;Man;7;7;100.0
21. 13556-02DW-000;21-22;E&M;Vrouw;6;6;100.0
21. 13556-02DW-000;21-22;E&M/C&M;Man;5;5;100.0
21. 13556-02DW-000;21-22;E&M/C&M;Vrouw;12;11;91.7
21. 13556-02DW-000;21-22;N&G;Man;5;5;100.0
21. 13556-02DW-000;21-22;N&G;Vrouw;7;;57.1
21. 13556-02DW-000;21-22;N&G/C&M;Man;0;0;0.0
21. 13556-02DW-000;21-22;N&G/C&M;Vrouw;0;0;0.0
21. 13556-02DW-000;21-22;N&T;Vrouw;0;0;0.0
21. 13556-02DW-000;21-22;N&T/N&G;Man;22;22;100.0
21. 13556-02DW-000;21-22;N&T/N&G;Vrouw;21;21;100.0
21. 13556-02DW-000;22-23;C&M;Vrouw;6;5;83.3
21. 13556-02DW-000;22-23;E&M;Man;7;7;100.0
21. 13556-02DW-000;22-23;E&M/C&M;Vrouw;12;11;91.7
21. 13556-02DW-000;22-23;N&G;Vrouw;5;;80.0
21. 13556-02DW-000;22-23;N&G/C&M;Man;0;0;0.0
21. 13556-02DW-000;22-23;N&G/C&M;Vrouw;0;0;0.0
21. 13556-02DW-000;22-23;N&T;Man;5;;80.0
21. 13556-02DW-000;22-23;N&T;Vrouw;0;0;0.0
21. 13556-02DW-000;22-23;N&T/N&G;Man;19;18;94.7
21. 13556-02DW-000;22-23;N&T/N&G;Vrouw;13;13;100.0
21. 13556-02DW-000;23-24;C&M;Vrouw;13;11;84.6
21. 13556-02DW-000;23-24;E&M/C&M;Man;5;;80.0
21. 13556-02DW-000;23-24;N&G;Man;6;6;100.0
21. 13556-02DW-000;23-24;N&G;Vrouw;10;7;70.0
21. 13556-02DW-000;23-24;N&G/C&M;Man;0;0;0.0
21. 13556-02DW-000;23-24;N&G/C&M;Vrouw;0;0;0.0
21. 13556-02DW-000;23-24;N&T;Man;5;5;100.0
21. 13556-02DW-000;23-24;N&T/N&G;Man;19;17;89.5
21. 13556-02DW-000;23-24;N&T/N&G;Vrouw;14;13;92.9
21. 13556-02DW-000;24-25;C&M;Man;5;5;100.0
21. 13556-02DW-000;24-25;C&M;Vrouw;8;8;100.0
21. 13556-02DW-000;24-25;E&M;Man;10;7;70.0
21. 13556-02DW-000;24-25;E&M;Vrouw;5;5;100.0
21. 13556-02DW-000;24-25;E&M/C&M;Man;10;9;90.0
21. 13556-02DW-000;24-25;E&M/C&M;Vrouw;5;5;100.0
21. 13556-02DW-000;24-25;N&G;Man;9;9;100.0
21. 13556-02DW-000;24-25;N&G;Vrouw;15;13;86.7
21. 13556-02DW-000;24-25;N&G/C&M;Man;0;0;0.0
21. 13556-02DW-000;24-25;N&G/C&M;Vrouw;0;0;0.0
21. 13556-02DW-000;24-25;N&T/N&G;Man;18;15;83.3
21. 13556-02DW-000;24-25;N&T/N&G;Vrouw;11;10;90.9
22. 13556-20AJ-000;21-22;C&M;Vrouw;13;13;100.0
22. 13556-20AJ-000;21-22;E&M;Vrouw;0;0;0.0
22. 13556-20AJ-000;21-22;E&M/C&M;Man;17;16;94.1
22. 13556-20AJ-000;21-22;E&M/C&M;Vrouw;23;22;95.7
22. 13556-20AJ-000;21-22;N&G;Man;7;7;100.0
22. 13556-20AJ-000;21-22;N&G;Vrouw;11;10;90.9
22. 13556-20AJ-000;21-22;N&G/C&M;Man;0;0;0.0
22. 13556-20AJ-000;21-22;N&G/C&M;Vrouw;0;0;0.0
22. 13556-20AJ-000;21-22;N&T;Man;8;8;100.0
22. 13556-20AJ-000;21-22;N&T/C&M;Man;0;0;0.0
22. 13556-20AJ-000;21-22;N&T/C&M;Vrouw;0;0;0.0
22. 13556-20AJ-000;21-22;N&T/N&G;Man;12;12;100.0
22. 13556-20AJ-000;21-22;N&T/N&G;Vrouw;27;26;96.3
22. 13556-20AJ-000;22-23;C&M;Vrouw;5;;60.0
22. 13556-20AJ-000;22-23;E&M;Man;7;6;85.7
22. 13556-20AJ-000;22-23;E&M;Vrouw;0;0;0.0
22. 13556-20AJ-000;22-23;E&M/C&M;Man;11;10;90.9
22. 13556-20AJ-000;22-23;E&M/C&M;Vrouw;31;29;93.5
22. 13556-20AJ-000;22-23;N&G;Man;5;;80.0
22. 13556-20AJ-000;22-23;N&G;Vrouw;8;7;87.5
22. 13556-20AJ-000;22-23;N&G/C&M;Man;0;0;0.0
22. 13556-20AJ-000;22-23;N&G/C&M;Vrouw;0;0;0.0
22. 13556-20AJ-000;22-23;N&T;Man;11;11;100.0
22. 13556-20AJ-000;22-23;N&T/C&M;Man;0;0;0.0
22. 13556-20AJ-000;22-23;N&T/C&M;Vrouw;0;0;0.0
22. 13556-20AJ-000;22-23;N&T/N&G;Man;12;10;83.3
22. 13556-20AJ-000;22-23;N&T/N&G;Vrouw;22;21;95.5
22. 13556-20AJ-000;23-24;C&M;Vrouw;11;11;100.0
22. 13556-20AJ-000;23-24;E&M;Man;5;;80.0
22. 13556-20AJ-000;23-24;E&M/C&M;Man;15;11;73.3
22. 13556-20AJ-000;23-24;E&M/C&M;Vrouw;22;19;86.4
22. 13556-20AJ-000;23-24;N&G;Man;5;5;100.0
22. 13556-20AJ-000;23-24;N&G;Vrouw;11;11;100.0
22. 13556-20AJ-000;23-24;N&G/C&M;Man;0;0;0.0
22. 13556-20AJ-000;23-24;N&G/C&M;Vrouw;0;0;0.0
22. 13556-20AJ-000;23-24;N&T/C&M;Man;0;0;0.0
22. 13556-20AJ-000;23-24;N&T/C&M;Vrouw;0;0;0.0
22. 13556-20AJ-000;23-24;N&T/N&G;Man;20;18;90.0
22. 13556-20AJ-000;23-24;N&T/N&G;Vrouw;13;13;100.0
22. 13556-20AJ-000;24-25;C&M;Man;5;5;100.0
22. 13556-20AJ-000;24-25;C&M;Vrouw;9;8;88.9
22. 13556-20AJ-000;24-25;E&M;Man;16;14;87.5
22. 13556-20AJ-000;24-25;E&M;Vrouw;9;9;100.0
22. 13556-20AJ-000;24-25;E&M/C&M;Man;8;7;87.5
22. 13556-20AJ-000;24-25;E&M/C&M;Vrouw;9;9;100.0
22. 13556-20AJ-000;24-25;N&G/C&M;Man;0;0;0.0
22. 13556-20AJ-000;24-25;N&G/C&M;Vrouw;0;0;0.0
22. 13556-20AJ-000;24-25;N&T;Vrouw;5;5;100.0
22. 13556-20AJ-000;24-25;N&T/C&M;Man;0;0;0.0
22. 13556-20AJ-000;24-25;N&T/C&M;Vrouw;0;0;0.0
22. 13556-20AJ-000;24-25;N&T/N&G;Man;21;20;95.2
22. 13556-20AJ-000;24-25;N&T/N&G;Vrouw;12;12;100.0
23. 13749-20DD-000;21-22;C&M;Vrouw;6;;66.7
23. 13749-20DD-000;21-22;E&M;Vrouw;0;0;0.0
23. 13749-20DD-000;21-22;E&M/C&M;Man;24;23;95.8
23. 13749-20DD-000;21-22;E&M/C&M;Vrouw;12;10;83.3
23. 13749-20DD-000;21-22;N&G;Man;7;7;100.0
23. 13749-20DD-000;21-22;N&G;Vrouw;24;23;95.8
23. 13749-20DD-000;21-22;N&T;Man;26;24;92.3
23. 13749-20DD-000;21-22;N&T;Vrouw;6;6;100.0
23. 13749-20DD-000;21-22;N&T/N&G;Man;16;15;93.8
23. 13749-20DD-000;21-22;N&T/N&G;Vrouw;31;31;100.0
23. 13749-20DD-000;22-23;E&M;Vrouw;0;0;0.0
23. 13749-20DD-000;22-23;E&M/C&M;Man;20;20;100.0
23. 13749-20DD-000;22-23;E&M/C&M;Vrouw;19;19;100.0
23. 13749-20DD-000;22-23;N&G;Man;7;7;100.0
23. 13749-20DD-000;22-23;N&G;Vrouw;13;13;100.0
23. 13749-20DD-000;22-23;N&T;Man;27;27;100.0
23. 13749-20DD-000;22-23;N&T;Vrouw;5;5;100.0
23. 13749-20DD-000;22-23;N&T/N&G;Man;15;13;86.7
23. 13749-20DD-000;22-23;N&T/N&G;Vrouw;33;32;97.0
23. 13749-20DD-000;23-24;C&M;Man;0;0;0.0
23. 13749-20DD-000;23-24;E&M/C&M;Man;22;21;95.5
23. 13749-20DD-000;23-24;E&M/C&M;Vrouw;12;12;100.0
23. 13749-20DD-000;23-24;N&G;Man;7;7;100.0
23. 13749-20DD-000;23-24;N&G;Vrouw;9;7;77.8
23. 13749-20DD-000;23-24;N&T;Man;18;18;100.0
23. 13749-20DD-000;23-24;N&T;Vrouw;8;8;100.0
23. 13749-20DD-000;23-24;N&T/N&G;Man;28;26;92.9
23. 13749-20DD-000;23-24;N&T/N&G;Vrouw;42;39;92.9
23. 13749-20DD-000;24-25;C&M;Man;0;0;0.0
23. 13749-20DD-000;24-25;E&M;Vrouw;0;0;0.0
23. 13749-20DD-000;24-25;E&M/C&M;Man;35;31;88.6
23. 13749-20DD-000;24-25;E&M/C&M;Vrouw;20;20;100.0
23. 13749-20DD-000;24-25;N&G;Man;11;10;90.9
23. 13749-20DD-000;24-25;N&T;Man;11;10;90.9
23. 13749-20DD-000;24-25;N&T;Vrouw;6;6;100.0
23. 13749-20DD-000;24-25;N&T/N&G;Man;14;13;92.9
23. 13749-20DD-000;24-25;N&T/N&G;Vrouw;28;25;89.3
25. 41347-14WI-000;21-22;C&M;Vrouw;8;7;87.5
25. 41347-14WI-000;21-22;E&M;Man;0;0;0.0
25. 41347-14WI-000;21-22;E&M;Vrouw;0;0;0.0
25. 41347-14WI-000;21-22;E&M/C&M;Man;13;12;92.3
25. 41347-14WI-000;21-22;E&M/C&M;Vrouw;12;11;91.7
25. 41347-14WI-000;21-22;N&G;Vrouw;12;12;100.0
25. 41347-14WI-000;21-22;N&G/C&M;Man;0;0;0.0
25. 41347-14WI-000;21-22;N&G/C&M;Vrouw;0;0;0.0
25. 41347-14WI-000;21-22;N&G/E&M;Man;0;0;0.0
25. 41347-14WI-000;21-22;N&G/E&M;Vrouw;0;0;0.0
25. 41347-14WI-000;21-22;N&T/N&G;Man;15;15;100.0
25. 41347-14WI-000;21-22;N&T/N&G;Vrouw;13;13;100.0
25. 41347-14WI-000;22-23;C&M;Vrouw;11;6;54.5
25. 41347-14WI-000;22-23;E&M;Man;0;0;0.0
25. 41347-14WI-000;22-23;E&M;Vrouw;0;0;0.0
25. 41347-14WI-000;22-23;E&M/C&M;Man;9;5;55.6
25. 41347-14WI-000;22-23;E&M/C&M;Vrouw;9;5;55.6
25. 41347-14WI-000;22-23;N&G;Man;8;7;87.5
25. 41347-14WI-000;22-23;N&G;Vrouw;9;7;77.8
25. 41347-14WI-000;22-23;N&G/C&M;Man;0;0;0.0
25. 41347-14WI-000;22-23;N&G/C&M;Vrouw;;0;0.0
25. 41347-14WI-000;22-23;N&G/E&M;Man;0;0;0.0
25. 41347-14WI-000;22-23;N&G/E&M;Vrouw;0;0;0.0
25. 41347-14WI-000;22-23;N&T/N&G;Man;21;18;85.7
25. 41347-14WI-000;22-23;N&T/N&G;Vrouw;12;10;83.3
25. 41347-14WI-000;23-24;C&M;Vrouw;12;9;75.0
25. 41347-14WI-000;23-24;E&M;Man;0;0;0.0
25. 41347-14WI-000;23-24;E&M;Vrouw;0;0;0.0
25. 41347-14WI-000;23-24;E&M/C&M;Man;8;8;100.0
25. 41347-14WI-000;23-24;E&M/C&M;Vrouw;7;5;71.4
25. 41347-14WI-000;23-24;N&G;Man;6;;66.7
25. 41347-14WI-000;23-24;N&G;Vrouw;9;;44.4
25. 41347-14WI-000;23-24;N&G/C&M;Man;0;0;0.0
25. 41347-14WI-000;23-24;N&G/C&M;Vrouw;0;0;0.0
25. 41347-14WI-000;23-24;N&G/E&M;Vrouw;0;0;0.0
25. 41347-14WI-000;23-24;N&T/N&G;Man;6;5;83.3
25. 41347-14WI-000;23-24;N&T/N&G;Vrouw;8;8;100.0
25. 41347-14WI-000;24-25;C&M;Vrouw;16;13;81.2
25. 41347-14WI-000;24-25;E&M;Vrouw;0;0;0.0
25. 41347-14WI-000;24-25;E&M/C&M;Man;5;5;100.0
25. 41347-14WI-000;24-25;E&M/C&M;Vrouw;6;;50.0
25. 41347-14WI-000;24-25;N&G;Vrouw;8;7;87.5
25. 41347-14WI-000;24-25;N&G/C&M;Man;0;0;0.0
25. 41347-14WI-000;24-25;N&G/C&M;Vrouw;0;0;0.0
25. 41347-14WI-000;24-25;N&G/E&M;Man;0;0;0.0
25. 41347-14WI-000;24-25;N&G/E&M;Vrouw;0;0;0.0
25. 41347-14WI-000;24-25;N&T/N&G;Man;17;15;88.2
25. 41347-14WI-000;24-25;N&T/N&G;Vrouw;11;9;81.8
26. 13603-20DL-002;21-22;C&M;Man;0;0;0.0
26. 13603-20DL-002;21-22;C&M;Man;0;0;0.0
26. 13603-20DL-002;21-22;C&M;Vrouw;6;5;83.3
26. 13603-20DL-002;21-22;C&M;Vrouw;0;0;0.0
26. 13603-20DL-002;21-22;C&M;Vrouw;5;;60.0
26. 13603-20DL-002;21-22;E&M;Man;10;10;100.0
26. 13603-20DL-002;21-22;E&M;Man;0;0;0.0
26. 13603-20DL-002;21-22;E&M;Man;5;;80.0
26. 13603-20DL-002;21-22;E&M;Vrouw;0;0;0.0
26. 13603-20DL-002;21-22;E&M;Vrouw;6;6;100.0
26. 13603-20DL-002;21-22;E&M/C&M;Man;5;;80.0
26. 13603-20DL-002;21-22;E&M/C&M;Man;0;0;0.0
26. 13603-20DL-002;21-22;E&M/C&M;Man;19;17;89.5
26. 13603-20DL-002;21-22;E&M/C&M;Vrouw;8;6;75.0
26. 13603-20DL-002;21-22;E&M/C&M;Vrouw;8;8;100.0
26. 13603-20DL-002;21-22;N&G;Man;7;6;85.7
26. 13603-20DL-002;21-22;N&G;Man;0;0;0.0
26. 13603-20DL-002;21-22;N&G;Man;;0;0.0
26. 13603-20DL-002;21-22;N&G;Man;;0;0.0
26. 13603-20DL-002;21-22;N&G;Vrouw;11;11;100.0
26. 13603-20DL-002;21-22;N&G;Vrouw;0;0;0.0
26. 13603-20DL-002;21-22;N&G;Vrouw;8;8;100.0
26. 13603-20DL-002;21-22;N&G;Vrouw;5;;60.0
26. 13603-20DL-002;21-22;N&G/C&M;Man;0;0;0.0
26. 13603-20DL-002;21-22;N&G/C&M;Vrouw;0;0;0.0
26. 13603-20DL-002;21-22;N&G/E&M;Man;0;0;0.0
26. 13603-20DL-002;21-22;N&G/E&M;Vrouw;0;0;0.0
26. 13603-20DL-002;21-22;N&T;Man;0;0;0.0
26. 13603-20DL-002;21-22;N&T;Man;0;0;0.0
26. 13603-20DL-002;21-22;N&T;Vrouw;0;0;0.0
26. 13603-20DL-002;21-22;N&T;Vrouw;0;0;0.0
26. 13603-20DL-002;21-22;N&T/C&M;Man;0;0;0.0
26. 13603-20DL-002;21-22;N&T/C&M;Vrouw;0;0;0.0
26. 13603-20DL-002;21-22;N&T/N&G;Man;12;11;91.7
26. 13603-20DL-002;21-22;N&T/N&G;Man;9;9;100.0
26. 13603-20DL-002;21-22;N&T/N&G;Man;0;0;0.0
26. 13603-20DL-002;21-22;N&T/N&G;Vrouw;9;9;100.0
26. 13603-20DL-002;21-22;N&T/N&G;Vrouw;19;17;89.5
26. 13603-20DL-002;22-23;C&M;Man;;0;0.0
26. 13603-20DL-002;22-23;C&M;Man;0;0;0.0
26. 13603-20DL-002;22-23;C&M;Man;;0;0.0
26. 13603-20DL-002;22-23;C&M;Vrouw;6;6;100.0
26. 13603-20DL-002;22-23;C&M;Vrouw;0;0;0.0
26. 13603-20DL-002;22-23;E&M;Man;0;0;0.0
26. 13603-20DL-002;22-23;E&M;Vrouw;0;0;0.0
26. 13603-20DL-002;22-23;E&M/C&M;Man;7;5;71.4
26. 13603-20DL-002;22-23;E&M/C&M;Man;0;0;0.0
26. 13603-20DL-002;22-23;E&M/C&M;Man;10;6;60.0
26. 13603-20DL-002;22-23;E&M/C&M;Man;0;0;0.0
26. 13603-20DL-002;22-23;E&M/C&M;Vrouw;9;5;55.6
26. 13603-20DL-002;22-23;E&M/C&M;Vrouw;0;0;0.0
26. 13603-20DL-002;22-23;E&M/C&M;Vrouw;6;5;83.3
26. 13603-20DL-002;22-23;E&M/C&M;Vrouw;5;;80.0
26. 13603-20DL-002;22-23;N&G;Man;9;7;77.8
26. 13603-20DL-002;22-23;N&G;Man;0;0;0.0
26. 13603-20DL-002;22-23;N&G;Vrouw;8;5;62.5
26. 13603-20DL-002;22-23;N&G/C&M;Man;0;0;0.0
26. 13603-20DL-002;22-23;N&G/E&M;Vrouw;0;0;0.0
26. 13603-20DL-002;22-23;N&T;Man;6;6;100.0
26. 13603-20DL-002;22-23;N&T;Man;;0;0.0
26. 13603-20DL-002;22-23;N&T;Man;0;0;0.0
26. 13603-20DL-002;22-23;N&T;Vrouw;0;0;0.0
26. 13603-20DL-002;22-23;N&T;Vrouw;0;0;0.0
26. 13603-20DL-002;22-23;N&T/C&M;Man;0;0;0.0
26. 13603-20DL-002;22-23;N&T/C&M;Vrouw;0;0;0.0
26. 13603-20DL-002;22-23;N&T/N&G;Man;12;12;100.0
26. 13603-20DL-002;22-23;N&T/N&G;Man;11;11;100.0
26. 13603-20DL-002;22-23;N&T/N&G;Man;;0;0.0
26. 13603-20DL-002;22-23;N&T/N&G;Vrouw;7;6;85.7
26. 13603-20DL-002;22-23;N&T/N&G;Vrouw;8;6;75.0
26. 13603-20DL-002;23-24;C&M;Man;0;0;0.0
26. 13603-20DL-002;23-24;C&M;Man;0;0;0.0
26. 13603-20DL-002;23-24;E&M;Man;12;11;91.7
26. 13603-20DL-002;23-24;E&M;Man;0;0;0.0
26. 13603-20DL-002;23-24;E&M;Vrouw;;0;0.0
26. 13603-20DL-002;23-24;E&M/C&M;Man;21;17;81.0
26. 13603-20DL-002;23-24;E&M/C&M;Man;0;0;0.0
26. 13603-20DL-002;23-24;E&M/C&M;Vrouw;19;18;94.7
26. 13603-20DL-002;23-24;N&G;Man;0;0;0.0
26. 13603-20DL-002;23-24;N&G;Vrouw;6;5;83.3
26. 13603-20DL-002;23-24;N&G;Vrouw;0;0;0.0
26. 13603-20DL-002;23-24;N&G/C&M;Man;0;0;0.0
26. 13603-20DL-002;23-24;N&G/C&M;Vrouw;0;0;0.0
26. 13603-20DL-002;23-24;N&G/E&M;Man;0;0;0.0
26. 13603-20DL-002;23-24;N&T;Man;10;8;80.0
26. 13603-20DL-002;23-24;N&T;Man;;0;0.0
26. 13603-20DL-002;23-24;N&T;Vrouw;0;0;0.0
26. 13603-20DL-002;23-24;N&T/C&M;Man;0;0;0.0
26. 13603-20DL-002;23-24;N&T/C&M;Vrouw;0;0;0.0
26. 13603-20DL-002;23-24;N&T/N&G;Man;13;12;92.3
26. 13603-20DL-002;23-24;N&T/N&G;Man;0;0;0.0
26. 13603-20DL-002;23-24;N&T/N&G;Man;8;8;100.0
26. 13603-20DL-002;23-24;N&T/N&G;Vrouw;;0;0.0
26. 13603-20DL-002;23-24;N&T/N&G;Vrouw;15;15;100.0
26. 13603-20DL-002;23-24;N&T/N&G;Vrouw;6;5;83.3
26. 13603-20DL-002;24-25;C&M;Man;0;0;0.0
26. 13603-20DL-002;24-25;C&M;Man;0;0;0.0
26. 13603-20DL-002;24-25;C&M;Man;0;0;0.0
26. 13603-20DL-002;24-25;C&M;Man;0;0;0.0
26. 13603-20DL-002;24-25;C&M;Vrouw;0;0;0.0
26. 13603-20DL-002;24-25;C&M;Vrouw;10;9;90.0
26. 13603-20DL-002;24-25;E&M;Man;5;;60.0
26. 13603-20DL-002;24-25;E&M;Man;0;0;0.0
26. 13603-20DL-002;24-25;E&M;Man;0;0;0.0
26. 13603-20DL-002;24-25;E&M;Vrouw;0;0;0.0
26. 13603-20DL-002;24-25;E&M;Vrouw;0;0;0.0
26. 13603-20DL-002;24-25;E&M/C&M;Man;0;0;0.0
26. 13603-20DL-002;24-25;E&M/C&M;Man;0;0;0.0
26. 13603-20DL-002;24-25;E&M/C&M;Man;6;6;100.0
26. 13603-20DL-002;24-25;E&M/C&M;Man;0;0;0.0
26. 13603-20DL-002;24-25;E&M/C&M;Vrouw;0;0;0.0
26. 13603-20DL-002;24-25;N&G;Man;0;0;0.0
26. 13603-20DL-002;24-25;N&G;Vrouw;0;0;0.0
26. 13603-20DL-002;24-25;N&G;Vrouw;;0;0.0
26. 13603-20DL-002;24-25;N&G/C&M;Man;0;0;0.0
26. 13603-20DL-002;24-25;N&G/E&M;Man;0;0;0.0
26. 13603-20DL-002;24-25;N&G/E&M;Vrouw;0;0;0.0
26. 13603-20DL-002;24-25;N&T;Man;5;5;100.0
26. 13603-20DL-002;24-25;N&T;Vrouw;0;0;0.0
26. 13603-20DL-002;24-25;N&T;Vrouw;0;0;0.0
26. 13603-20DL-002;24-25;N&T/C&M;Man;0;0;0.0
26. 13603-20DL-002;24-25;N&T/N&G;Man;8;7;87.5
26. 13603-20DL-002;24-25;N&T/N&G;Man;0;0;0.0
26. 13603-20DL-002;24-25;N&T/N&G;Man;7;7;100.0
26. 13603-20DL-002;24-25;N&T/N&G;Vrouw;7;6;85.7
27. 42505-20DP-000;21-22;C&M;Man;6;5;83.3
27. 42505-20DP-000;21-22;C&M;Vrouw;8;8;100.0
27. 42505-20DP-000;21-22;E&M;Vrouw;0;0;0.0
27. 42505-20DP-000;21-22;E&M/C&M;Man;24;24;100.0
27. 42505-20DP-000;21-22;E&M/C&M;Vrouw;14;14;100.0
27. 42505-20DP-000;21-22;N&G;Man;11;10;90.9
27. 42505-20DP-000;21-22;N&G;Vrouw;12;10;83.3
27. 42505-20DP-000;21-22;N&G/C&M;Man;0;0;0.0
27. 42505-20DP-000;21-22;N&G/E&M;Man;0;0;0.0
27. 42505-20DP-000;21-22;N&T;Vrouw;0;0;0.0
27. 42505-20DP-000;21-22;N&T/N&G;Man;42;42;100.0
27. 42505-20DP-000;21-22;N&T/N&G;Vrouw;33;30;90.9
27. 42505-20DP-000;22-23;C&M;Man;11;10;90.9
27. 42505-20DP-000;22-23;C&M;Vrouw;12;7;58.3
27. 42505-20DP-000;22-23;E&M;Man;6;5;83.3
27. 42505-20DP-000;22-23;E&M;Vrouw;;0;0.0
27. 42505-20DP-000;22-23;E&M/C&M;Man;28;24;85.7
27. 42505-20DP-000;22-23;E&M/C&M;Vrouw;17;16;94.1
27. 42505-20DP-000;22-23;N&G;Man;9;9;100.0
27. 42505-20DP-000;22-23;N&G;Vrouw;11;9;81.8
27. 42505-20DP-000;22-23;N&G/C&M;Man;0;0;0.0
27. 42505-20DP-000;22-23;N&G/E&M;Vrouw;0;0;0.0
27. 42505-20DP-000;22-23;N&T/N&G;Man;42;42;100.0
27. 42505-20DP-000;22-23;N&T/N&G;Vrouw;24;22;91.7
27. 42505-20DP-000;23-24;C&M;Man;6;5;83.3
27. 42505-20DP-000;23-24;C&M;Vrouw;13;13;100.0
27. 42505-20DP-000;23-24;E&M;Man;0;0;0.0
27. 42505-20DP-000;23-24;E&M/C&M;Man;18;16;88.9
27. 42505-20DP-000;23-24;E&M/C&M;Vrouw;18;18;100.0
27. 42505-20DP-000;23-24;N&G;Man;8;8;100.0
27. 42505-20DP-000;23-24;N&G;Vrouw;9;9;100.0
27. 42505-20DP-000;23-24;N&G/C&M;Man;0;0;0.0
27. 42505-20DP-000;23-24;N&G/C&M;Vrouw;0;0;0.0
27. 42505-20DP-000;23-24;N&G/E&M;Vrouw;0;0;0.0
27. 42505-20DP-000;23-24;N&T;Man;10;10;100.0
27. 42505-20DP-000;23-24;N&T/N&G;Man;30;29;96.7
27. 42505-20DP-000;23-24;N&T/N&G;Vrouw;27;24;88.9
27. 42505-20DP-000;24-25;C&M;Man;6;6;100.0
27. 42505-20DP-000;24-25;C&M;Vrouw;11;11;100.0
27. 42505-20DP-000;24-25;E&M/C&M;Man;24;21;87.5
27. 42505-20DP-000;24-25;E&M/C&M;Vrouw;14;14;100.0
27. 42505-20DP-000;24-25;N&G;Man;11;10;90.9
27. 42505-20DP-000;24-25;N&G;Vrouw;9;7;77.8
27. 42505-20DP-000;24-25;N&G/E&M;Vrouw;0;0;0.0
27. 42505-20DP-000;24-25;N&T/N&G;Man;23;22;95.7
27. 42505-20DP-000;24-25;N&T/N&G;Vrouw;32;30;93.8
27. 42505-30GD-000;21-22;C&M;Vrouw;9;9;100.0
27. 42505-30GD-000;21-22;E&M;Man;0;0;0.0
27. 42505-30GD-000;21-22;E&M/C&M;Man;19;19;100.0
27. 42505-30GD-000;21-22;E&M/C&M;Vrouw;16;16;100.0
27. 42505-30GD-000;21-22;N&G;Man;11;11;100.0
27. 42505-30GD-000;21-22;N&G;Vrouw;12;12;100.0
27. 42505-30GD-000;21-22;N&G/C&M;Man;0;0;0.0
27. 42505-30GD-000;21-22;N&G/C&M;Vrouw;0;0;0.0
27. 42505-30GD-000;21-22;N&T/C&M;Man;0;0;0.0
27. 42505-30GD-000;21-22;N&T/C&M;Vrouw;0;0;0.0
27. 42505-30GD-000;21-22;N&T/E&M;Man;0;0;0.0
27. 42505-30GD-000;21-22;N&T/E&M;Vrouw;0;0;0.0
27. 42505-30GD-000;21-22;N&T/N&G;Man;39;39;100.0
27. 42505-30GD-000;21-22;N&T/N&G;Vrouw;29;29;100.0
27. 42505-30GD-000;22-23;C&M;Vrouw;;0;0.0
27. 42505-30GD-000;22-23;E&M;Vrouw;0;0;0.0
27. 42505-30GD-000;22-23;E&M/C&M;Man;13;13;100.0
27. 42505-30GD-000;22-23;E&M/C&M;Vrouw;13;13;100.0
27. 42505-30GD-000;22-23;N&G;Man;12;9;75.0
27. 42505-30GD-000;22-23;N&G;Vrouw;11;10;90.9
27. 42505-30GD-000;22-23;N&G/C&M;Man;0;0;0.0
27. 42505-30GD-000;22-23;N&G/C&M;Vrouw;0;0;0.0
27. 42505-30GD-000;22-23;N&T;Man;5;5;100.0
27. 42505-30GD-000;22-23;N&T;Vrouw;0;0;0.0
27. 42505-30GD-000;22-23;N&T/C&M;Vrouw;0;0;0.0
27. 42505-30GD-000;22-23;N&T/E&M;Man;0;0;0.0
27. 42505-30GD-000;22-23;N&T/E&M;Vrouw;0;0;0.0
27. 42505-30GD-000;22-23;N&T/N&G;Man;38;37;97.4
27. 42505-30GD-000;22-23;N&T/N&G;Vrouw;19;19;100.0
27. 42505-30GD-000;23-24;C&M;Man;7;7;100.0
27. 42505-30GD-000;23-24;C&M;Vrouw;11;11;100.0
27. 42505-30GD-000;23-24;E&M/C&M;Man;23;21;91.3
27. 42505-30GD-000;23-24;E&M/C&M;Vrouw;21;20;95.2
27. 42505-30GD-000;23-24;N&G;Man;8;5;62.5
27. 42505-30GD-000;23-24;N&G;Vrouw;8;8;100.0
27. 42505-30GD-000;23-24;N&G/C&M;Man;0;0;0.0
27. 42505-30GD-000;23-24;N&G/C&M;Vrouw;0;0;0.0
27. 42505-30GD-000;23-24;N&T/C&M;Man;0;0;0.0
27. 42505-30GD-000;23-24;N&T/C&M;Vrouw;0;0;0.0
27. 42505-30GD-000;23-24;N&T/E&M;Vrouw;0;0;0.0
27. 42505-30GD-000;23-24;N&T/N&G;Man;38;35;92.1
27. 42505-30GD-000;23-24;N&T/N&G;Vrouw;33;30;90.9
27. 42505-30GD-000;24-25;C&M;Vrouw;8;7;87.5
27. 42505-30GD-000;24-25;E&M;Vrouw;0;0;0.0
27. 42505-30GD-000;24-25;E&M/C&M;Man;15;14;93.3
27. 42505-30GD-000;24-25;E&M/C&M;Vrouw;15;15;100.0
27. 42505-30GD-000;24-25;N&G;Man;12;9;75.0
27. 42505-30GD-000;24-25;N&G;Vrouw;14;14;100.0
27. 42505-30GD-000;24-25;N&G/C&M;Man;0;0;0.0
27. 42505-30GD-000;24-25;N&G/C&M;Vrouw;0;0;0.0
27. 42505-30GD-000;24-25;N&T;Man;5;5;100.0
27. 42505-30GD-000;24-25;N&T/C&M;Man;0;0;0.0
27. 42505-30GD-000;24-25;N&T/C&M;Vrouw;0;0;0.0
27. 42505-30GD-000;24-25;N&T/E&M;Man;0;0;0.0
27. 42505-30GD-000;24-25;N&T/E&M;Vrouw;0;0;0.0
27. 42505-30GD-000;24-25;N&T/N&G;Man;32;28;87.5
27. 42505-30GD-000;24-25;N&T/N&G;Vrouw;21;20;95.2
28. 41211-17JY-000;21-22;C&M;Man;5;5;100.0
28. 41211-17JY-000;21-22;C&M;Vrouw;10;10;100.0
28. 41211-17JY-000;21-22;E&M;Man;0;0;0.0
28. 41211-17JY-000;21-22;E&M/C&M;Man;28;23;82.1
28. 41211-17JY-000;21-22;E&M/C&M;Vrouw;10;10;100.0
28. 41211-17JY-000;21-22;N&G;Man;6;6;100.0
28. 41211-17JY-000;21-22;N&G;Vrouw;12;11;91.7
28. 41211-17JY-000;21-22;N&T;Man;7;7;100.0
28. 41211-17JY-000;21-22;N&T/N&G;Man;17;17;100.0
28. 41211-17JY-000;21-22;N&T/N&G;Vrouw;20;20;100.0
28. 41211-17JY-000;22-23;C&M;Man;5;;80.0
28. 41211-17JY-000;22-23;C&M;Vrouw;7;5;71.4
28. 41211-17JY-000;22-23;E&M;Man;0;0;0.0
28. 41211-17JY-000;22-23;E&M/C&M;Man;21;19;90.5
28. 41211-17JY-000;22-23;E&M/C&M;Vrouw;9;9;100.0
28. 41211-17JY-000;22-23;N&G;Vrouw;6;5;83.3
28. 41211-17JY-000;22-23;N&T;Man;9;9;100.0
28. 41211-17JY-000;22-23;N&T/N&G;Man;21;21;100.0
28. 41211-17JY-000;22-23;N&T/N&G;Vrouw;16;16;100.0
28. 41211-17JY-000;23-24;C&M;Vrouw;12;12;100.0
28. 41211-17JY-000;23-24;E&M;Man;0;0;0.0
28. 41211-17JY-000;23-24;E&M/C&M;Man;25;23;92.0
28. 41211-17JY-000;23-24;E&M/C&M;Vrouw;13;12;92.3
28. 41211-17JY-000;23-24;N&T;Man;11;11;100.0
28. 41211-17JY-000;23-24;N&T/N&G;Man;17;16;94.1
28. 41211-17JY-000;23-24;N&T/N&G;Vrouw;18;18;100.0
28. 41211-17JY-000;24-25;C&M;Man;6;;66.7
28. 41211-17JY-000;24-25;C&M;Vrouw;7;;57.1
28. 41211-17JY-000;24-25;E&M;Vrouw;0;0;0.0
28. 41211-17JY-000;24-25;E&M/C&M;Man;18;17;94.4
28. 41211-17JY-000;24-25;N&T;Man;9;9;100.0
28. 41211-17JY-000;24-25;N&T/N&G;Man;22;22;100.0
28. 41211-17JY-000;24-25;N&T/N&G;Vrouw;8;8;100.0
29. 41285-20CI-000;21-22;C&M;Man;0;0;0.0
29. 41285-20CI-000;21-22;C&M;Vrouw;16;15;93.8
29. 41285-20CI-000;21-22;E&M;Man;12;12;100.0
29. 41285-20CI-000;21-22;E&M;Vrouw;0;0;0.0
29. 41285-20CI-000;21-22;E&M/C&M;Man;13;13;100.0
29. 41285-20CI-000;21-22;E&M/C&M;Vrouw;8;8;100.0
29. 41285-20CI-000;21-22;N&G;Man;22;20;90.9
29. 41285-20CI-000;21-22;N&G;Vrouw;15;15;100.0
29. 41285-20CI-000;21-22;N&G/E&M;Vrouw;0;0;0.0
29. 41285-20CI-000;21-22;N&T;Man;9;9;100.0
29. 41285-20CI-000;21-22;N&T/E&M;Vrouw;0;0;0.0
29. 41285-20CI-000;21-22;N&T/N&G;Man;48;47;97.9
29. 41285-20CI-000;21-22;N&T/N&G;Vrouw;22;22;100.0
29. 41285-20CI-000;22-23;C&M;Man;5;5;100.0
29. 41285-20CI-000;22-23;C&M;Vrouw;10;8;80.0
29. 41285-20CI-000;22-23;E&M;Man;15;13;86.7
29. 41285-20CI-000;22-23;E&M/C&M;Man;14;11;78.6
29. 41285-20CI-000;22-23;E&M/C&M;Vrouw;10;10;100.0
29. 41285-20CI-000;22-23;N&G;Man;13;11;84.6
29. 41285-20CI-000;22-23;N&G;Vrouw;19;17;89.5
29. 41285-20CI-000;22-23;N&G/E&M;Man;0;0;0.0
29. 41285-20CI-000;22-23;N&G/E&M;Vrouw;0;0;0.0
29. 41285-20CI-000;22-23;N&T;Man;6;6;100.0
29. 41285-20CI-000;22-23;N&T/E&M;Man;0;0;0.0
29. 41285-20CI-000;22-23;N&T/E&M;Vrouw;0;0;0.0
29. 41285-20CI-000;22-23;N&T/N&G;Man;39;38;97.4
29. 41285-20CI-000;22-23;N&T/N&G;Vrouw;30;29;96.7
29. 41285-20CI-000;23-24;C&M;Vrouw;13;13;100.0
29. 41285-20CI-000;23-24;E&M;Man;9;7;77.8
29. 41285-20CI-000;23-24;E&M/C&M;Man;18;14;77.8
29. 41285-20CI-000;23-24;E&M/C&M;Vrouw;16;14;87.5
29. 41285-20CI-000;23-24;N&G;Man;12;11;91.7
29. 41285-20CI-000;23-24;N&G;Vrouw;17;16;94.1
29. 41285-20CI-000;23-24;N&G/E&M;Man;0;0;0.0
29. 41285-20CI-000;23-24;N&G/E&M;Vrouw;0;0;0.0
29. 41285-20CI-000;23-24;N&T;Man;8;8;100.0
29. 41285-20CI-000;23-24;N&T;Vrouw;0;0;0.0
29. 41285-20CI-000;23-24;N&T/E&M;Man;0;0;0.0
29. 41285-20CI-000;23-24;N&T/N&G;Man;39;38;97.4
29. 41285-20CI-000;23-24;N&T/N&G;Vrouw;24;24;100.0
29. 41285-20CI-000;24-25;C&M;Man;8;7;87.5
29. 41285-20CI-000;24-25;C&M;Vrouw;7;7;100.0
29. 41285-20CI-000;24-25;E&M;Man;8;7;87.5
29. 41285-20CI-000;24-25;E&M;Vrouw;0;0;0.0
29. 41285-20CI-000;24-25;E&M/C&M;Man;20;19;95.0
29. 41285-20CI-000;24-25;E&M/C&M;Vrouw;9;7;77.8
29. 41285-20CI-000;24-25;N&G;Man;13;10;76.9
29. 41285-20CI-000;24-25;N&G;Vrouw;14;13;92.9
29. 41285-20CI-000;24-25;N&G/E&M;Man;0;0;0.0
29. 41285-20CI-000;24-25;N&G/E&M;Vrouw;0;0;0.0
29. 41285-20CI-000;24-25;N&T;Man;9;9;100.0
29. 41285-20CI-000;24-25;N&T/E&M;Man;0;0;0.0
29. 41285-20CI-000;24-25;N&T/E&M;Vrouw;0;0;0.0
29. 41285-20CI-000;24-25;N&T/N&G;Man;36;33;91.7
29. 41285-20CI-000;24-25;N&T/N&G;Vrouw;27;26;96.3
30. 42992-02QO-000;21-22;C&M;Vrouw;6;;66.7
30. 42992-02QO-000;21-22;E&M/C&M;Man;16;14;87.5
30. 42992-02QO-000;21-22;E&M/C&M;Vrouw;21;14;66.7
30. 42992-02QO-000;21-22;N&G;Man;5;;80.0
30. 42992-02QO-000;21-22;N&T;Vrouw;0;0;0.0
30. 42992-02QO-000;21-22;N&T/E&M;Man;0;0;0.0
30. 42992-02QO-000;21-22;N&T/E&M;Vrouw;0;0;0.0
30. 42992-02QO-000;21-22;N&T/N&G;Man;15;13;86.7
30. 42992-02QO-000;21-22;N&T/N&G;Vrouw;19;16;84.2
30. 42992-02QO-000;22-23;C&M;Man;;0;0.0
30. 42992-02QO-000;22-23;C&M;Vrouw;5;;80.0
30. 42992-02QO-000;22-23;E&M/C&M;Man;14;13;92.9
30. 42992-02QO-000;22-23;E&M/C&M;Vrouw;17;10;58.8
30. 42992-02QO-000;22-23;N&G;Man;;0;0.0
30. 42992-02QO-000;22-23;N&G;Vrouw;7;;57.1
30. 42992-02QO-000;22-23;N&T;Vrouw;6;5;83.3
30. 42992-02QO-000;22-23;N&T/E&M;Man;0;0;0.0
30. 42992-02QO-000;22-23;N&T/E&M;Vrouw;0;0;0.0
30. 42992-02QO-000;22-23;N&T/N&G;Man;30;23;76.7
30. 42992-02QO-000;22-23;N&T/N&G;Vrouw;21;18;85.7
30. 42992-02QO-000;23-24;C&M;Man;8;8;100.0
30. 42992-02QO-000;23-24;C&M;Vrouw;24;21;87.5
30. 42992-02QO-000;23-24;E&M/C&M;Man;10;9;90.0
30. 42992-02QO-000;23-24;E&M/C&M;Vrouw;11;10;90.9
30. 42992-02QO-000;23-24;N&G;Man;6;5;83.3
30. 42992-02QO-000;23-24;N&G;Vrouw;9;8;88.9
30. 42992-02QO-000;23-24;N&T;Man;6;5;83.3
30. 42992-02QO-000;23-24;N&T/E&M;Vrouw;0;0;0.0
30. 42992-02QO-000;23-24;N&T/N&G;Man;31;28;90.3
30. 42992-02QO-000;23-24;N&T/N&G;Vrouw;22;17;77.3
30. 42992-02QO-000;24-25;C&M;Man;6;5;83.3
30. 42992-02QO-000;24-25;C&M;Vrouw;11;7;63.6
30. 42992-02QO-000;24-25;E&M/C&M;Man;10;10;100.0
30. 42992-02QO-000;24-25;E&M/C&M;Vrouw;10;9;90.0
30. 42992-02QO-000;24-25;N&G;Man;5;;80.0
30. 42992-02QO-000;24-25;N&G;Vrouw;8;8;100.0
30. 42992-02QO-000;24-25;N&T/E&M;Man;0;0;0.0
30. 42992-02QO-000;24-25;N&T/E&M;Vrouw;0;0;0.0
30. 42992-02QO-000;24-25;N&T/N&G;Man;16;11;68.8
30. 42992-02QO-000;24-25;N&T/N&G;Vrouw;11;8;72.7
31. 41775-15SC-000;21-22;C&M;Vrouw;11;10;90.9
31. 41775-15SC-000;21-22;E&M/C&M;Man;19;17;89.5
31. 41775-15SC-000;21-22;E&M/C&M;Vrouw;30;28;93.3
31. 41775-15SC-000;21-22;N&G;Man;7;6;85.7
31. 41775-15SC-000;21-22;N&G;Vrouw;9;9;100.0
31. 41775-15SC-000;21-22;N&T;Man;6;6;100.0
31. 41775-15SC-000;21-22;N&T/E&M;Man;0;0;0.0
31. 41775-15SC-000;21-22;N&T/E&M;Vrouw;0;0;0.0
31. 41775-15SC-000;21-22;N&T/N&G;Man;43;43;100.0
31. 41775-15SC-000;21-22;N&T/N&G;Vrouw;35;35;100.0
31. 41775-15SC-000;22-23;C&M;Vrouw;10;6;60.0
31. 41775-15SC-000;22-23;E&M;Vrouw;0;0;0.0
31. 41775-15SC-000;22-23;E&M/C&M;Man;12;12;100.0
31. 41775-15SC-000;22-23;E&M/C&M;Vrouw;23;21;91.3
31. 41775-15SC-000;22-23;N&G;Man;5;5;100.0
31. 41775-15SC-000;22-23;N&G/C&M;Man;0;0;0.0
31. 41775-15SC-000;22-23;N&T;Man;6;6;100.0
31. 41775-15SC-000;22-23;N&T/E&M;Man;0;0;0.0
31. 41775-15SC-000;22-23;N&T/N&G;Man;41;39;95.1
31. 41775-15SC-000;22-23;N&T/N&G;Vrouw;42;40;95.2
31. 41775-15SC-000;23-24;C&M;Vrouw;9;8;88.9
31. 41775-15SC-000;23-24;E&M/C&M;Man;14;11;78.6
31. 41775-15SC-000;23-24;E&M/C&M;Vrouw;19;17;89.5
31. 41775-15SC-000;23-24;N&G;Vrouw;12;10;83.3
31. 41775-15SC-000;23-24;N&T;Man;9;9;100.0
31. 41775-15SC-000;23-24;N&T/E&M;Man;0;0;0.0
31. 41775-15SC-000;23-24;N&T/N&G;Man;48;47;97.9
31. 41775-15SC-000;23-24;N&T/N&G;Vrouw;38;38;100.0
31. 41775-15SC-000;24-25;C&M;Vrouw;11;11;100.0
31. 41775-15SC-000;24-25;E&M;Man;5;5;100.0
31. 41775-15SC-000;24-25;E&M;Vrouw;0;0;0.0
31. 41775-15SC-000;24-25;E&M/C&M;Man;16;16;100.0
31. 41775-15SC-000;24-25;E&M/C&M;Vrouw;19;19;100.0
31. 41775-15SC-000;24-25;N&G;Man;14;11;78.6
31. 41775-15SC-000;24-25;N&G;Vrouw;12;11;91.7
31. 41775-15SC-000;24-25;N&G/C&M;Man;0;0;0.0
31. 41775-15SC-000;24-25;N&T;Vrouw;0;0;0.0
31. 41775-15SC-000;24-25;N&T/E&M;Man;0;0;0.0
31. 41775-15SC-000;24-25;N&T/E&M;Vrouw;0;0;0.0
31. 41775-15SC-000;24-25;N&T/N&G;Man;49;49;100.0
31. 41775-15SC-000;24-25;N&T/N&G;Vrouw;47;46;97.9
32. 20151-14QT-000;21-22;C&M;Vrouw;0;0;0.0
32. 20151-14QT-000;21-22;E&M;Man;6;5;83.3
32. 20151-14QT-000;21-22;E&M/C&M;Man;15;14;93.3
32. 20151-14QT-000;21-22;E&M/C&M;Vrouw;10;9;90.0
32. 20151-14QT-000;21-22;N&G/E&M;Man;0;0;0.0
32. 20151-14QT-000;21-22;N&G/E&M;Vrouw;0;0;0.0
32. 20151-14QT-000;21-22;N&T;Man;7;7;100.0
32. 20151-14QT-000;21-22;N&T/N&G;Man;17;17;100.0
32. 20151-14QT-000;21-22;N&T/N&G;Vrouw;21;20;95.2
32. 20151-14QT-000;22-23;E&M;Vrouw;0;0;0.0
32. 20151-14QT-000;22-23;E&M/C&M;Man;14;12;85.7
32. 20151-14QT-000;22-23;E&M/C&M;Vrouw;6;6;100.0
32. 20151-14QT-000;22-23;N&G/E&M;Man;0;0;0.0
32. 20151-14QT-000;22-23;N&G/E&M;Vrouw;0;0;0.0
32. 20151-14QT-000;22-23;N&T;Man;19;16;84.2
32. 20151-14QT-000;22-23;N&T/N&G;Man;14;13;92.9
32. 20151-14QT-000;22-23;N&T/N&G;Vrouw;8;7;87.5
32. 20151-14QT-000;23-24;C&M;Man;6;5;83.3
32. 20151-14QT-000;23-24;C&M;Vrouw;10;9;90.0
32. 20151-14QT-000;23-24;E&M;Vrouw;0;0;0.0
32. 20151-14QT-000;23-24;E&M/C&M;Man;12;10;83.3
32. 20151-14QT-000;23-24;E&M/C&M;Vrouw;7;6;85.7
32. 20151-14QT-000;23-24;N&G/E&M;Man;0;0;0.0
32. 20151-14QT-000;23-24;N&G/E&M;Vrouw;0;0;0.0
32. 20151-14QT-000;23-24;N&T;Man;8;8;100.0
32. 20151-14QT-000;23-24;N&T/N&G;Man;18;17;94.4
32. 20151-14QT-000;23-24;N&T/N&G;Vrouw;13;11;84.6
32. 20151-14QT-000;24-25;C&M;Man;0;0;0.0
32. 20151-14QT-000;24-25;E&M/C&M;Man;20;18;90.0
32. 20151-14QT-000;24-25;E&M/C&M;Vrouw;10;9;90.0
32. 20151-14QT-000;24-25;N&G;Man;0;0;0.0
32. 20151-14QT-000;24-25;N&G;Vrouw;;0;0.0
32. 20151-14QT-000;24-25;N&G/E&M;Man;0;0;0.0
32. 20151-14QT-000;24-25;N&G/E&M;Vrouw;0;0;0.0
32. 20151-14QT-000;24-25;N&T;Man;11;9;81.8
32. 20151-14QT-000;24-25;N&T/N&G;Man;10;9;90.0
32. 20151-14QT-000;24-25;N&T/N&G;Vrouw;19;17;89.5
33. 41568-20DC-000;21-22;C&M;Vrouw;10;8;80.0
33. 41568-20DC-000;21-22;E&M;Man;0;0;0.0
33. 41568-20DC-000;21-22;E&M;Vrouw;0;0;0.0
33. 41568-20DC-000;21-22;E&M/C&M;Man;14;12;85.7
33. 41568-20DC-000;21-22;N&G;Man;11;6;54.5
33. 41568-20DC-000;21-22;N&G;Vrouw;9;9;100.0
33. 41568-20DC-000;21-22;N&T/N&G;Man;21;20;95.2
33. 41568-20DC-000;21-22;N&T/N&G;Vrouw;18;16;88.9
33. 41568-20DC-000;22-23;C&M;Vrouw;9;8;88.9
33. 41568-20DC-000;22-23;E&M;Man;0;0;0.0
33. 41568-20DC-000;22-23;E&M;Vrouw;0;0;0.0
33. 41568-20DC-000;22-23;E&M/C&M;Man;9;8;88.9
33. 41568-20DC-000;22-23;E&M/C&M;Vrouw;9;8;88.9
33. 41568-20DC-000;22-23;N&G;Man;6;;66.7
33. 41568-20DC-000;22-23;N&T;Vrouw;0;0;0.0
33. 41568-20DC-000;22-23;N&T/N&G;Man;14;12;85.7
33. 41568-20DC-000;22-23;N&T/N&G;Vrouw;11;10;90.9
33. 41568-20DC-000;23-24;C&M;Vrouw;8;8;100.0
33. 41568-20DC-000;23-24;E&M;Man;0;0;0.0
33. 41568-20DC-000;23-24;E&M;Vrouw;0;0;0.0
33. 41568-20DC-000;23-24;E&M/C&M;Vrouw;17;14;82.4
33. 41568-20DC-000;23-24;N&G;Vrouw;9;7;77.8
33. 41568-20DC-000;23-24;N&T;Vrouw;0;0;0.0
33. 41568-20DC-000;23-24;N&T/N&G;Man;16;14;87.5
33. 41568-20DC-000;23-24;N&T/N&G;Vrouw;17;14;82.4
33. 41568-20DC-000;24-25;E&M;Man;0;0;0.0
33. 41568-20DC-000;24-25;E&M;Vrouw;0;0;0.0
33. 41568-20DC-000;24-25;E&M/C&M;Man;21;18;85.7
33. 41568-20DC-000;24-25;E&M/C&M;Vrouw;16;14;87.5
33. 41568-20DC-000;24-25;N&G;Man;;0;0.0
33. 41568-20DC-000;24-25;N&T;Man;6;6;100.0
33. 41568-20DC-000;24-25;N&T;Vrouw;;0;0.0
33. 41568-20DC-000;24-25;N&T/N&G;Man;10;9;90.0
33. 41568-20DC-000;24-25;N&T/N&G;Vrouw;17;17;100.0
34. 40996-04DS-000;21-22;C&M;Man;7;7;100.0
34. 40996-04DS-000;21-22;C&M;Vrouw;20;20;100.0
34. 40996-04DS-000;21-22;E&M;Man;0;0;0.0
34. 40996-04DS-000;21-22;E&M;Vrouw;0;0;0.0
34. 40996-04DS-000;21-22;E&M/C&M;Man;12;11;91.7
34. 40996-04DS-000;21-22;N&G;Vrouw;7;7;100.0
34. 40996-04DS-000;21-22;N&G/C&M;Man;0;0;0.0
34. 40996-04DS-000;21-22;N&G/C&M;Vrouw;0;0;0.0
34. 40996-04DS-000;21-22;N&T;Man;9;9;100.0
34. 40996-04DS-000;21-22;N&T/N&G;Man;7;7;100.0
34. 40996-04DS-000;21-22;N&T/N&G;Vrouw;15;15;100.0
34. 40996-04DS-000;22-23;E&M;Vrouw;0;0;0.0
34. 40996-04DS-000;22-23;E&M/C&M;Man;6;5;83.3
34. 40996-04DS-000;22-23;E&M/C&M;Vrouw;6;6;100.0
34. 40996-04DS-000;22-23;N&G;Vrouw;13;12;92.3
34. 40996-04DS-000;22-23;N&G/C&M;Vrouw;0;0;0.0
34. 40996-04DS-000;22-23;N&T/N&G;Man;13;12;92.3
34. 40996-04DS-000;22-23;N&T/N&G;Vrouw;10;10;100.0
34. 40996-04DS-000;23-24;E&M;Man;;0;0.0
34. 40996-04DS-000;23-24;E&M;Vrouw;0;0;0.0
34. 40996-04DS-000;23-24;E&M/C&M;Man;5;5;100.0
34. 40996-04DS-000;23-24;E&M/C&M;Vrouw;0;0;0.0
34. 40996-04DS-000;23-24;N&G;Vrouw;10;9;90.0
34. 40996-04DS-000;23-24;N&G/C&M;Vrouw;0;0;0.0
34. 40996-04DS-000;23-24;N&T;Man;5;5;100.0
34. 40996-04DS-000;23-24;N&T/N&G;Man;7;6;85.7
34. 40996-04DS-000;23-24;N&T/N&G;Vrouw;12;12;100.0
34. 40996-04DS-000;24-25;C&M;Man;5;;40.0
34. 40996-04DS-000;24-25;E&M;Vrouw;0;0;0.0
34. 40996-04DS-000;24-25;E&M/C&M;Man;5;5;100.0
34. 40996-04DS-000;24-25;N&G;Man;11;11;100.0
34. 40996-04DS-000;24-25;N&G;Vrouw;8;8;100.0
34. 40996-04DS-000;24-25;N&G/C&M;Vrouw;0;0;0.0
34. 40996-04DS-000;24-25;N&T;Man;10;9;90.0
34. 40996-04DS-000;24-25;N&T/N&G;Man;17;16;94.1
34. 40996-04DS-000;24-25;N&T/N&G;Vrouw;12;12;100.0
35. 40094-16PA-000;21-22;C&M;Man;5;5;100.0
35. 40094-16PA-000;21-22;C&M;Vrouw;9;9;100.0
35. 40094-16PA-000;21-22;E&M;Vrouw;0;0;0.0
35. 40094-16PA-000;21-22;E&M/C&M;Man;15;15;100.0
35. 40094-16PA-000;21-22;E&M/C&M;Vrouw;26;26;100.0
35. 40094-16PA-000;21-22;N&G;Man;9;9;100.0
35. 40094-16PA-000;21-22;N&G;Vrouw;12;10;83.3
35. 40094-16PA-000;21-22;N&G/E&M;Man;0;0;0.0
35. 40094-16PA-000;21-22;N&G/E&M;Vrouw;0;0;0.0
35. 40094-16PA-000;21-22;N&T;Man;5;5;100.0
35. 40094-16PA-000;21-22;N&T/N&G;Man;23;20;87.0
35. 40094-16PA-000;21-22;N&T/N&G;Vrouw;33;33;100.0
35. 40094-16PA-000;22-23;C&M;Man;7;7;100.0
35. 40094-16PA-000;22-23;C&M;Vrouw;18;18;100.0
35. 40094-16PA-000;22-23;E&M;Man;5;5;100.0
35. 40094-16PA-000;22-23;E&M/C&M;Man;14;14;100.0
35. 40094-16PA-000;22-23;E&M/C&M;Vrouw;12;12;100.0
35. 40094-16PA-000;22-23;N&G;Man;11;10;90.9
35. 40094-16PA-000;22-23;N&G;Vrouw;18;16;88.9
35. 40094-16PA-000;22-23;N&G/C&M;Man;0;0;0.0
35. 40094-16PA-000;22-23;N&G/C&M;Vrouw;0;0;0.0
35. 40094-16PA-000;22-23;N&G/E&M;Vrouw;0;0;0.0
35. 40094-16PA-000;22-23;N&T;Man;0;0;0.0
35. 40094-16PA-000;22-23;N&T/N&G;Man;16;16;100.0
35. 40094-16PA-000;22-23;N&T/N&G;Vrouw;21;21;100.0
35. 40094-16PA-000;23-24;C&M;Man;12;8;66.7
35. 40094-16PA-000;23-24;C&M;Vrouw;18;16;88.9
35. 40094-16PA-000;23-24;E&M;Man;6;6;100.0
35. 40094-16PA-000;23-24;E&M/C&M;Man;22;19;86.4
35. 40094-16PA-000;23-24;E&M/C&M;Vrouw;17;16;94.1
35. 40094-16PA-000;23-24;N&G;Man;15;12;80.0
35. 40094-16PA-000;23-24;N&G;Vrouw;18;16;88.9
35. 40094-16PA-000;23-24;N&G/C&M;Man;0;0;0.0
35. 40094-16PA-000;23-24;N&G/E&M;Man;0;0;0.0
35. 40094-16PA-000;23-24;N&G/E&M;Vrouw;0;0;0.0
35. 40094-16PA-000;23-24;N&T;Man;9;8;88.9
35. 40094-16PA-000;23-24;N&T;Vrouw;0;0;0.0
35. 40094-16PA-000;23-24;N&T/N&G;Man;16;15;93.8
35. 40094-16PA-000;23-24;N&T/N&G;Vrouw;19;18;94.7
35. 40094-16PA-000;24-25;C&M;Man;11;11;100.0
35. 40094-16PA-000;24-25;C&M;Vrouw;18;18;100.0
35. 40094-16PA-000;24-25;E&M;Man;6;6;100.0
35. 40094-16PA-000;24-25;E&M;Vrouw;0;0;0.0
35. 40094-16PA-000;24-25;E&M/C&M;Man;16;14;87.5
35. 40094-16PA-000;24-25;E&M/C&M;Vrouw;16;15;93.8
35. 40094-16PA-000;24-25;N&G;Man;13;13;100.0
35. 40094-16PA-000;24-25;N&G;Vrouw;16;16;100.0
35. 40094-16PA-000;24-25;N&G/C&M;Man;0;0;0.0
35. 40094-16PA-000;24-25;N&G/C&M;Vrouw;0;0;0.0
35. 40094-16PA-000;24-25;N&G/E&M;Man;0;0;0.0
35. 40094-16PA-000;24-25;N&G/E&M;Vrouw;0;0;0.0
35. 40094-16PA-000;24-25;N&T;Man;10;9;90.0
35. 40094-16PA-000;24-25;N&T;Vrouw;0;0;0.0
35. 40094-16PA-000;24-25;N&T/N&G;Man;17;17;100.0
35. 40094-16PA-000;24-25;N&T/N&G;Vrouw;21;20;95.2
36. 41475-15JM-000;21-22;C&M;Man;6;5;83.3
36. 41475-15JM-000;21-22;C&M;Vrouw;7;6;85.7
36. 41475-15JM-000;21-22;E&M/C&M;Man;20;20;100.0
36. 41475-15JM-000;21-22;E&M/C&M;Vrouw;21;21;100.0
36. 41475-15JM-000;21-22;N&G;Man;9;9;100.0
36. 41475-15JM-000;21-22;N&G;Vrouw;10;10;100.0
36. 41475-15JM-000;21-22;N&G/C&M;Man;0;0;0.0
36. 41475-15JM-000;21-22;N&G/E&M;Man;0;0;0.0
36. 41475-15JM-000;21-22;N&G/E&M;Vrouw;0;0;0.0
36. 41475-15JM-000;21-22;N&T;Man;7;7;100.0
36. 41475-15JM-000;21-22;N&T;Vrouw;0;0;0.0
36. 41475-15JM-000;21-22;N&T/N&G;Man;25;23;92.0
36. 41475-15JM-000;21-22;N&T/N&G;Vrouw;33;33;100.0
36. 41475-15JM-000;22-23;C&M;Man;7;7;100.0
36. 41475-15JM-000;22-23;C&M;Vrouw;14;12;85.7
36. 41475-15JM-000;22-23;E&M;Man;9;9;100.0
36. 41475-15JM-000;22-23;E&M/C&M;Man;24;21;87.5
36. 41475-15JM-000;22-23;E&M/C&M;Vrouw;9;9;100.0
36. 41475-15JM-000;22-23;N&G;Man;8;8;100.0
36. 41475-15JM-000;22-23;N&G;Vrouw;17;16;94.1
36. 41475-15JM-000;22-23;N&G/E&M;Man;0;0;0.0
36. 41475-15JM-000;22-23;N&G/E&M;Vrouw;0;0;0.0
36. 41475-15JM-000;22-23;N&T;Vrouw;0;0;0.0
36. 41475-15JM-000;22-23;N&T/N&G;Man;27;27;100.0
36. 41475-15JM-000;22-23;N&T/N&G;Vrouw;26;25;96.2
36. 41475-15JM-000;23-24;C&M;Man;5;5;100.0
36. 41475-15JM-000;23-24;C&M;Vrouw;10;10;100.0
36. 41475-15JM-000;23-24;E&M;Man;12;12;100.0
36. 41475-15JM-000;23-24;E&M/C&M;Man;25;23;92.0
36. 41475-15JM-000;23-24;E&M/C&M;Vrouw;16;16;100.0
36. 41475-15JM-000;23-24;N&G;Man;13;13;100.0
36. 41475-15JM-000;23-24;N&G;Vrouw;16;15;93.8
36. 41475-15JM-000;23-24;N&G/C&M;Man;0;0;0.0
36. 41475-15JM-000;23-24;N&G/C&M;Vrouw;0;0;0.0
36. 41475-15JM-000;23-24;N&G/E&M;Vrouw;0;0;0.0
36. 41475-15JM-000;23-24;N&T;Man;6;6;100.0
36. 41475-15JM-000;23-24;N&T/N&G;Man;35;35;100.0
36. 41475-15JM-000;23-24;N&T/N&G;Vrouw;31;31;100.0
36. 41475-15JM-000;24-25;C&M;Vrouw;15;14;93.3
36. 41475-15JM-000;24-25;E&M;Man;20;20;100.0
36. 41475-15JM-000;24-25;E&M/C&M;Man;21;21;100.0
36. 41475-15JM-000;24-25;E&M/C&M;Vrouw;23;20;87.0
36. 41475-15JM-000;24-25;N&G;Man;9;9;100.0
36. 41475-15JM-000;24-25;N&G;Vrouw;12;9;75.0
36. 41475-15JM-000;24-25;N&G/C&M;Man;0;0;0.0
36. 41475-15JM-000;24-25;N&G/C&M;Vrouw;0;0;0.0
36. 41475-15JM-000;24-25;N&G/E&M;Man;0;0;0.0
36. 41475-15JM-000;24-25;N&G/E&M;Vrouw;0;0;0.0
36. 41475-15JM-000;24-25;N&T/N&G;Man;31;31;100.0
36. 41475-15JM-000;24-25;N&T/N&G;Vrouw;29;27;93.1
37. 13556-20DG-000;21-22;C&M;Man;6;6;100.0
37. 13556-20DG-000;21-22;E&M/C&M;Man;20;20;100.0
37. 13556-20DG-000;21-22;E&M/C&M;Vrouw;12;12;100.0
37. 13556-20DG-000;21-22;N&G;Man;5;;80.0
37. 13556-20DG-000;21-22;N&G;Vrouw;9;8;88.9
37. 13556-20DG-000;21-22;N&G/C&M;Man;0;0;0.0
37. 13556-20DG-000;21-22;N&G/C&M;Vrouw;0;0;0.0
37. 13556-20DG-000;21-22;N&G/E&M;Man;0;0;0.0
37. 13556-20DG-000;21-22;N&T;Man;6;5;83.3
37. 13556-20DG-000;21-22;N&T/N&G;Man;11;11;100.0
37. 13556-20DG-000;21-22;N&T/N&G;Vrouw;23;23;100.0
37. 13556-20DG-000;22-23;E&M;Vrouw;0;0;0.0
37. 13556-20DG-000;22-23;E&M/C&M;Man;12;12;100.0
37. 13556-20DG-000;22-23;E&M/C&M;Vrouw;10;10;100.0
37. 13556-20DG-000;22-23;N&G;Man;8;7;87.5
37. 13556-20DG-000;22-23;N&G;Vrouw;6;5;83.3
37. 13556-20DG-000;22-23;N&G/C&M;Man;0;0;0.0
37. 13556-20DG-000;22-23;N&G/C&M;Vrouw;0;0;0.0
37. 13556-20DG-000;22-23;N&G/E&M;Man;0;0;0.0
37. 13556-20DG-000;22-23;N&G/E&M;Vrouw;0;0;0.0
37. 13556-20DG-000;22-23;N&T;Vrouw;0;0;0.0
37. 13556-20DG-000;22-23;N&T/N&G;Man;15;13;86.7
37. 13556-20DG-000;22-23;N&T/N&G;Vrouw;17;16;94.1
37. 13556-20DG-000;23-24;C&M;Vrouw;6;;66.7
37. 13556-20DG-000;23-24;E&M/C&M;Man;20;20;100.0
37. 13556-20DG-000;23-24;N&G/C&M;Man;0;0;0.0
37. 13556-20DG-000;23-24;N&G/C&M;Vrouw;0;0;0.0
37. 13556-20DG-000;23-24;N&G/E&M;Man;0;0;0.0
37. 13556-20DG-000;23-24;N&G/E&M;Vrouw;0;0;0.0
37. 13556-20DG-000;23-24;N&T;Man;13;12;92.3
37. 13556-20DG-000;23-24;N&T/N&G;Man;5;5;100.0
37. 13556-20DG-000;24-25;C&M;Man;6;5;83.3
37. 13556-20DG-000;24-25;C&M;Vrouw;7;;57.1
37. 13556-20DG-000;24-25;E&M;Vrouw;0;0;0.0
37. 13556-20DG-000;24-25;E&M/C&M;Man;13;12;92.3
37. 13556-20DG-000;24-25;E&M/C&M;Vrouw;5;5;100.0
37. 13556-20DG-000;24-25;N&G;Man;6;5;83.3
37. 13556-20DG-000;24-25;N&G;Vrouw;5;;80.0
37. 13556-20DG-000;24-25;N&G/C&M;Man;0;0;0.0
37. 13556-20DG-000;24-25;N&G/E&M;Man;0;0;0.0
37. 13556-20DG-000;24-25;N&G/E&M;Vrouw;0;0;0.0
37. 13556-20DG-000;24-25;N&T;Man;5;5;100.0
37. 13556-20DG-000;24-25;N&T/N&G;Man;15;14;93.3
37. 13556-20DG-000;24-25;N&T/N&G;Vrouw;9;9;100.0
38. 42623-20CF-000;21-22;C&M;Vrouw;5;5;100.0
38. 42623-20CF-000;21-22;E&M;Man;5;5;100.0
38. 42623-20CF-000;21-22;E&M;Vrouw;0;0;0.0
38. 42623-20CF-000;21-22;E&M/C&M;Man;19;19;100.0
38. 42623-20CF-000;21-22;E&M/C&M;Vrouw;11;10;90.9
38. 42623-20CF-000;21-22;N&T;Man;5;5;100.0
38. 42623-20CF-000;21-22;N&T/C&M;Man;0;0;0.0
38. 42623-20CF-000;21-22;N&T/N&G;Man;19;17;89.5
38. 42623-20CF-000;21-22;N&T/N&G;Vrouw;19;18;94.7
38. 42623-20CF-000;22-23;C&M;Man;7;6;85.7
38. 42623-20CF-000;22-23;C&M;Vrouw;12;11;91.7
38. 42623-20CF-000;22-23;E&M;Vrouw;0;0;0.0
38. 42623-20CF-000;22-23;E&M/C&M;Man;14;13;92.9
38. 42623-20CF-000;22-23;E&M/C&M;Vrouw;21;19;90.5
38. 42623-20CF-000;22-23;N&G;Man;5;5;100.0
38. 42623-20CF-000;22-23;N&T;Man;7;7;100.0
38. 42623-20CF-000;22-23;N&T/C&M;Vrouw;0;0;0.0
38. 42623-20CF-000;22-23;N&T/N&G;Man;9;9;100.0
38. 42623-20CF-000;22-23;N&T/N&G;Vrouw;14;13;92.9
38. 42623-20CF-000;23-24;C&M;Man;6;5;83.3
38. 42623-20CF-000;23-24;C&M;Vrouw;12;12;100.0
38. 42623-20CF-000;23-24;E&M;Vrouw;0;0;0.0
38. 42623-20CF-000;23-24;E&M/C&M;Man;16;14;87.5
38. 42623-20CF-000;23-24;E&M/C&M;Vrouw;17;16;94.1
38. 42623-20CF-000;23-24;N&G;Man;5;5;100.0
38. 42623-20CF-000;23-24;N&G;Vrouw;6;6;100.0
38. 42623-20CF-000;23-24;N&T/C&M;Man;0;0;0.0
38. 42623-20CF-000;23-24;N&T/C&M;Vrouw;0;0;0.0
38. 42623-20CF-000;23-24;N&T/N&G;Man;18;17;94.4
38. 42623-20CF-000;23-24;N&T/N&G;Vrouw;30;27;90.0
38. 42623-20CF-000;24-25;C&M;Vrouw;9;9;100.0
38. 42623-20CF-000;24-25;E&M/C&M;Man;10;9;90.0
38. 42623-20CF-000;24-25;E&M/C&M;Vrouw;13;11;84.6
38. 42623-20CF-000;24-25;N&G;Vrouw;7;7;100.0
38. 42623-20CF-000;24-25;N&T/C&M;Man;0;0;0.0
38. 42623-20CF-000;24-25;N&T/C&M;Vrouw;0;0;0.0
38. 42623-20CF-000;24-25;N&T/N&G;Man;14;14;100.0
38. 42623-20CF-000;24-25;N&T/N&G;Vrouw;9;9;100.0
41. 42620-01FP-004;21-22;C&M;Man;0;0;0.0
41. 42620-01FP-004;21-22;C&M;Vrouw;6;5;83.3
41. 42620-01FP-004;21-22;E&M;Man;;0;0.0
41. 42620-01FP-004;21-22;E&M;Man;8;8;100.0
41. 42620-01FP-004;21-22;E&M;Vrouw;0;0;0.0
41. 42620-01FP-004;21-22;E&M/C&M;Man;10;9;90.0
41. 42620-01FP-004;21-22;E&M/C&M;Man;8;5;62.5
41. 42620-01FP-004;21-22;E&M/C&M;Vrouw;11;9;81.8
41. 42620-01FP-004;21-22;E&M/C&M;Vrouw;9;6;66.7
41. 42620-01FP-004;21-22;N&G;Vrouw;13;11;84.6
41. 42620-01FP-004;21-22;N&T;Man;0;0;0.0
41. 42620-01FP-004;21-22;N&T;Man;5;5;100.0
41. 42620-01FP-004;21-22;N&T;Vrouw;0;0;0.0
41. 42620-01FP-004;21-22;N&T/N&G;Man;8;8;100.0
41. 42620-01FP-004;21-22;N&T/N&G;Man;19;17;89.5
41. 42620-01FP-004;21-22;N&T/N&G;Vrouw;19;13;68.4
41. 42620-01FP-004;21-22;N&T/N&G;Vrouw;17;17;100.0
41. 42620-01FP-004;22-23;C&M;Vrouw;7;7;100.0
41. 42620-01FP-004;22-23;E&M;Man;0;0;0.0
41. 42620-01FP-004;22-23;E&M;Man;7;;57.1
41. 42620-01FP-004;22-23;E&M;Vrouw;0;0;0.0
41. 42620-01FP-004;22-23;E&M/C&M;Man;14;13;92.9
41. 42620-01FP-004;22-23;E&M/C&M;Man;5;5;100.0
41. 42620-01FP-004;22-23;E&M/C&M;Vrouw;14;8;57.1
41. 42620-01FP-004;22-23;E&M/C&M;Vrouw;9;6;66.7
41. 42620-01FP-004;22-23;N&G;Vrouw;;0;0.0
41. 42620-01FP-004;22-23;N&G;Vrouw;5;5;100.0
41. 42620-01FP-004;22-23;N&T;Man;0;0;0.0
41. 42620-01FP-004;22-23;N&T;Man;9;9;100.0
41. 42620-01FP-004;22-23;N&T;Vrouw;0;0;0.0
41. 42620-01FP-004;22-23;N&T;Vrouw;0;0;0.0
41. 42620-01FP-004;22-23;N&T/N&G;Man;14;7;50.0
41. 42620-01FP-004;22-23;N&T/N&G;Man;16;14;87.5
41. 42620-01FP-004;22-23;N&T/N&G;Vrouw;18;11;61.1
41. 42620-01FP-004;22-23;N&T/N&G;Vrouw;19;18;94.7
41. 42620-01FP-004;23-24;C&M;Man;0;0;0.0
41. 42620-01FP-004;23-24;C&M;Vrouw;5;;80.0
41. 42620-01FP-004;23-24;C&M;Vrouw;5;;80.0
41. 42620-01FP-004;23-24;E&M;Man;0;0;0.0
41. 42620-01FP-004;23-24;E&M;Man;11;9;81.8
41. 42620-01FP-004;23-24;E&M;Vrouw;0;0;0.0
41. 42620-01FP-004;23-24;E&M/C&M;Man;10;7;70.0
41. 42620-01FP-004;23-24;E&M/C&M;Man;5;5;100.0
41. 42620-01FP-004;23-24;E&M/C&M;Vrouw;12;9;75.0
41. 42620-01FP-004;23-24;E&M/C&M;Vrouw;7;6;85.7
41. 42620-01FP-004;23-24;N&G;Vrouw;6;;66.7
41. 42620-01FP-004;23-24;N&G;Vrouw;10;8;80.0
41. 42620-01FP-004;23-24;N&T;Man;0;0;0.0
41. 42620-01FP-004;23-24;N&T;Man;8;8;100.0
41. 42620-01FP-004;23-24;N&T;Vrouw;0;0;0.0
41. 42620-01FP-004;23-24;N&T/N&G;Man;11;7;63.6
41. 42620-01FP-004;23-24;N&T/N&G;Man;9;9;100.0
41. 42620-01FP-004;23-24;N&T/N&G;Vrouw;11;8;72.7
41. 42620-01FP-004;23-24;N&T/N&G;Vrouw;13;11;84.6
41. 42620-01FP-004;24-25;C&M;Vrouw;8;6;75.0
41. 42620-01FP-004;24-25;C&M;Vrouw;5;5;100.0
41. 42620-01FP-004;24-25;E&M;Man;;0;0.0
41. 42620-01FP-004;24-25;E&M;Vrouw;0;0;0.0
41. 42620-01FP-004;24-25;E&M/C&M;Man;15;8;53.3
41. 42620-01FP-004;24-25;E&M/C&M;Man;7;;57.1
41. 42620-01FP-004;24-25;E&M/C&M;Vrouw;6;5;83.3
41. 42620-01FP-004;24-25;N&G;Man;5;;40.0
41. 42620-01FP-004;24-25;N&G;Man;8;6;75.0
41. 42620-01FP-004;24-25;N&G;Vrouw;17;13;76.5
41. 42620-01FP-004;24-25;N&T;Man;0;0;0.0
41. 42620-01FP-004;24-25;N&T;Man;8;8;100.0
41. 42620-01FP-004;24-25;N&T;Vrouw;0;0;0.0
41. 42620-01FP-004;24-25;N&T/N&G;Man;13;9;69.2
41. 42620-01FP-004;24-25;N&T/N&G;Man;19;18;94.7
41. 42620-01FP-004;24-25;N&T/N&G;Vrouw;14;8;57.1
41. 42620-01FP-004;24-25;N&T/N&G;Vrouw;6;6;100.0
42. 40586-30GC-000;21-22;C&M;Man;6;5;83.3
42. 40586-30GC-000;21-22;C&M;Vrouw;6;6;100.0
42. 40586-30GC-000;21-22;E&M;Man;5;5;100.0
42. 40586-30GC-000;21-22;E&M/C&M;Man;15;14;93.3
42. 40586-30GC-000;21-22;E&M/C&M;Vrouw;16;15;93.8
42. 40586-30GC-000;21-22;N&G/C&M;Man;0;0;0.0
42. 40586-30GC-000;21-22;N&G/E&M;Man;0;0;0.0
42. 40586-30GC-000;21-22;N&G/E&M;Vrouw;0;0;0.0
42. 40586-30GC-000;21-22;N&T/C&M;Man;0;0;0.0
42. 40586-30GC-000;21-22;N&T/N&G;Man;21;20;95.2
42. 40586-30GC-000;21-22;N&T/N&G;Vrouw;25;25;100.0
42. 40586-30GC-000;22-23;C&M;Vrouw;10;9;90.0
42. 40586-30GC-000;22-23;E&M;Man;7;5;71.4
42. 40586-30GC-000;22-23;E&M/C&M;Man;22;17;77.3
42. 40586-30GC-000;22-23;E&M/C&M;Vrouw;18;15;83.3
42. 40586-30GC-000;22-23;N&G;Vrouw;6;6;100.0
42. 40586-30GC-000;22-23;N&G/C&M;Man;0;0;0.0
42. 40586-30GC-000;22-23;N&G/E&M;Man;0;0;0.0
42. 40586-30GC-000;22-23;N&G/E&M;Vrouw;0;0;0.0
42. 40586-30GC-000;22-23;N&T/C&M;Man;0;0;0.0
42. 40586-30GC-000;22-23;N&T/C&M;Vrouw;0;0;0.0
42. 40586-30GC-000;22-23;N&T/N&G;Man;17;16;94.1
42. 40586-30GC-000;22-23;N&T/N&G;Vrouw;25;25;100.0
42. 40586-30GC-000;23-24;C&M;Man;5;5;100.0
42. 40586-30GC-000;23-24;C&M;Vrouw;18;17;94.4
42. 40586-30GC-000;23-24;E&M/C&M;Man;26;22;84.6
42. 40586-30GC-000;23-24;E&M/C&M;Vrouw;13;12;92.3
42. 40586-30GC-000;23-24;N&G;Man;8;8;100.0
42. 40586-30GC-000;23-24;N&G;Vrouw;11;11;100.0
42. 40586-30GC-000;23-24;N&G/C&M;Man;0;0;0.0
42. 40586-30GC-000;23-24;N&G/C&M;Vrouw;0;0;0.0
42. 40586-30GC-000;23-24;N&G/E&M;Man;0;0;0.0
42. 40586-30GC-000;23-24;N&G/E&M;Vrouw;0;0;0.0
42. 40586-30GC-000;23-24;N&T/C&M;Man;0;0;0.0
42. 40586-30GC-000;23-24;N&T/C&M;Vrouw;0;0;0.0
42. 40586-30GC-000;23-24;N&T/N&G;Man;26;24;92.3
42. 40586-30GC-000;23-24;N&T/N&G;Vrouw;22;21;95.5
42. 40586-30GC-000;24-25;C&M;Vrouw;14;11;78.6
42. 40586-30GC-000;24-25;E&M/C&M;Man;23;19;82.6
42. 40586-30GC-000;24-25;E&M/C&M;Vrouw;15;14;93.3
42. 40586-30GC-000;24-25;N&G;Vrouw;7;6;85.7
42. 40586-30GC-000;24-25;N&G/E&M;Man;0;0;0.0
42. 40586-30GC-000;24-25;N&G/E&M;Vrouw;0;0;0.0
42. 40586-30GC-000;24-25;N&T/C&M;Man;0;0;0.0
42. 40586-30GC-000;24-25;N&T/C&M;Vrouw;0;0;0.0
42. 40586-30GC-000;24-25;N&T/N&G;Man;20;20;100.0
42. 40586-30GC-000;24-25;N&T/N&G;Vrouw;20;17;85.0
43. 42621-14RF-006;21-22;C&M;Man;0;0;0.0
43. 42621-14RF-006;21-22;C&M;Vrouw;0;0;0.0
43. 42621-14RF-006;21-22;C&M;Vrouw;6;6;100.0
43. 42621-14RF-006;21-22;E&M;Man;18;16;88.9
43. 42621-14RF-006;21-22;E&M;Vrouw;7;6;85.7
43. 42621-14RF-006;21-22;E&M;Vrouw;0;0;0.0
43. 42621-14RF-006;21-22;E&M/C&M;Man;6;6;100.0
43. 42621-14RF-006;21-22;E&M/C&M;Man;21;20;95.2
43. 42621-14RF-006;21-22;E&M/C&M;Vrouw;13;12;92.3
43. 42621-14RF-006;21-22;E&M/C&M;Vrouw;17;16;94.1
43. 42621-14RF-006;21-22;N&G;Vrouw;7;6;85.7
43. 42621-14RF-006;21-22;N&G;Vrouw;6;5;83.3
43. 42621-14RF-006;21-22;N&G/C&M;Man;0;0;0.0
43. 42621-14RF-006;21-22;N&T;Man;6;6;100.0
43. 42621-14RF-006;21-22;N&T;Man;16;16;100.0
43. 42621-14RF-006;21-22;N&T/N&G;Man;9;9;100.0
43. 42621-14RF-006;21-22;N&T/N&G;Man;21;21;100.0
43. 42621-14RF-006;21-22;N&T/N&G;Vrouw;7;7;100.0
43. 42621-14RF-006;21-22;N&T/N&G;Vrouw;21;20;95.2
43. 42621-14RF-006;22-23;C&M;Man;0;0;0.0
43. 42621-14RF-006;22-23;C&M;Vrouw;14;11;78.6
43. 42621-14RF-006;22-23;E&M;Man;14;12;85.7
43. 42621-14RF-006;22-23;E&M;Man;0;0;0.0
43. 42621-14RF-006;22-23;E&M;Vrouw;10;8;80.0
43. 42621-14RF-006;22-23;E&M;Vrouw;0;0;0.0
43. 42621-14RF-006;22-23;E&M/C&M;Man;16;16;100.0
43. 42621-14RF-006;22-23;E&M/C&M;Vrouw;7;6;85.7
43. 42621-14RF-006;22-23;E&M/C&M;Vrouw;13;11;84.6
43. 42621-14RF-006;22-23;N&G;Man;12;10;83.3
43. 42621-14RF-006;22-23;N&G;Vrouw;7;6;85.7
43. 42621-14RF-006;22-23;N&G;Vrouw;7;7;100.0
43. 42621-14RF-006;22-23;N&G/C&M;Man;0;0;0.0
43. 42621-14RF-006;22-23;N&T;Man;6;6;100.0
43. 42621-14RF-006;22-23;N&T;Man;13;13;100.0
43. 42621-14RF-006;22-23;N&T/N&G;Man;22;22;100.0
43. 42621-14RF-006;22-23;N&T/N&G;Vrouw;8;8;100.0
43. 42621-14RF-006;22-23;N&T/N&G;Vrouw;16;16;100.0
43. 42621-14RF-006;23-24;C&M;Man;0;0;0.0
43. 42621-14RF-006;23-24;C&M;Vrouw;11;11;100.0
43. 42621-14RF-006;23-24;E&M;Man;13;12;92.3
43. 42621-14RF-006;23-24;E&M;Vrouw;7;6;85.7
43. 42621-14RF-006;23-24;E&M/C&M;Man;0;0;0.0
43. 42621-14RF-006;23-24;E&M/C&M;Man;23;22;95.7
43. 42621-14RF-006;23-24;E&M/C&M;Vrouw;;0;0.0
43. 42621-14RF-006;23-24;E&M/C&M;Vrouw;11;11;100.0
43. 42621-14RF-006;23-24;N&G;Man;6;6;100.0
43. 42621-14RF-006;23-24;N&G;Vrouw;5;;80.0
43. 42621-14RF-006;23-24;N&G;Vrouw;8;7;87.5
43. 42621-14RF-006;23-24;N&G/C&M;Man;0;0;0.0
43. 42621-14RF-006;23-24;N&G/C&M;Vrouw;0;0;0.0
43. 42621-14RF-006;23-24;N&T;Man;9;9;100.0
43. 42621-14RF-006;23-24;N&T/N&G;Man;13;13;100.0
43. 42621-14RF-006;23-24;N&T/N&G;Vrouw;17;15;88.2
43. 42621-14RF-006;24-25;C&M;Man;0;0;0.0
43. 42621-14RF-006;24-25;C&M;Man;7;7;100.0
43. 42621-14RF-006;24-25;C&M;Vrouw;11;11;100.0
43. 42621-14RF-006;24-25;E&M;Man;16;12;75.0
43. 42621-14RF-006;24-25;E&M;Vrouw;8;;50.0
43. 42621-14RF-006;24-25;E&M;Vrouw;0;0;0.0
43. 42621-14RF-006;24-25;E&M/C&M;Man;0;0;0.0
43. 42621-14RF-006;24-25;E&M/C&M;Man;23;23;100.0
43. 42621-14RF-006;24-25;E&M/C&M;Vrouw;10;8;80.0
43. 42621-14RF-006;24-25;N&G;Vrouw;12;8;66.7
43. 42621-14RF-006;24-25;N&G;Vrouw;11;8;72.7
43. 42621-14RF-006;24-25;N&G/C&M;Man;0;0;0.0
43. 42621-14RF-006;24-25;N&G/C&M;Vrouw;0;0;0.0
43. 42621-14RF-006;24-25;N&T;Man;7;7;100.0
43. 42621-14RF-006;24-25;N&T;Man;16;15;93.8
43. 42621-14RF-006;24-25;N&T;Vrouw;0;0;0.0
43. 42621-14RF-006;24-25;N&T;Vrouw;6;6;100.0
43. 42621-14RF-006;24-25;N&T/N&G;Man;16;16;100.0
43. 42621-14RF-006;24-25;N&T/N&G;Vrouw;15;13;86.7
44. 20151-31RY-000;21-22;C&M;Vrouw;10;7;70.0
44. 20151-31RY-000;21-22;E&M;Man;15;14;93.3
44. 20151-31RY-000;21-22;E&M;Vrouw;6;6;100.0
44. 20151-31RY-000;21-22;E&M/C&M;Man;8;6;75.0
44. 20151-31RY-000;21-22;E&M/C&M;Vrouw;11;10;90.9
44. 20151-31RY-000;21-22;N&G;Vrouw;13;12;92.3
44. 20151-31RY-000;21-22;N&T/N&G;Man;21;20;95.2
44. 20151-31RY-000;21-22;N&T/N&G;Vrouw;8;7;87.5
44. 20151-31RY-000;22-23;C&M;Vrouw;12;10;83.3
44. 20151-31RY-000;22-23;E&M;Man;13;9;69.2
44. 20151-31RY-000;22-23;E&M;Vrouw;10;9;90.0
44. 20151-31RY-000;22-23;N&G;Vrouw;11;9;81.8
44. 20151-31RY-000;22-23;N&T;Man;7;7;100.0
44. 20151-31RY-000;22-23;N&T/N&G;Man;9;7;77.8
44. 20151-31RY-000;22-23;N&T/N&G;Vrouw;15;14;93.3
44. 20151-31RY-000;23-24;C&M;Vrouw;9;8;88.9
44. 20151-31RY-000;23-24;E&M;Man;10;10;100.0
44. 20151-31RY-000;23-24;E&M/C&M;Vrouw;8;8;100.0
44. 20151-31RY-000;23-24;N&G;Man;6;6;100.0
44. 20151-31RY-000;23-24;N&G;Vrouw;6;6;100.0
44. 20151-31RY-000;23-24;N&T;Man;9;7;77.8
44. 20151-31RY-000;23-24;N&T;Vrouw;5;;80.0
44. 20151-31RY-000;23-24;N&T/N&G;Man;12;12;100.0
44. 20151-31RY-000;23-24;N&T/N&G;Vrouw;10;8;80.0
44. 20151-31RY-000;24-25;E&M;Man;8;7;87.5
44. 20151-31RY-000;24-25;E&M/C&M;Man;6;6;100.0
44. 20151-31RY-000;24-25;E&M/C&M;Vrouw;5;5;100.0
44. 20151-31RY-000;24-25;N&G;Man;9;8;88.9
44. 20151-31RY-000;24-25;N&G;Vrouw;6;6;100.0
44. 20151-31RY-000;24-25;N&T;Man;6;6;100.0
44. 20151-31RY-000;24-25;N&T/N&G;Man;12;12;100.0
44. 20151-31RY-000;24-25;N&T/N&G;Vrouw;13;13;100.0
45. 99048-19HV-000;21-22;C&M;Man;7;;57.1
45. 99048-19HV-000;21-22;C&M;Vrouw;6;;66.7
45. 99048-19HV-000;21-22;E&M;Man;14;11;78.6
45. 99048-19HV-000;21-22;E&M;Vrouw;13;11;84.6
45. 99048-19HV-000;21-22;E&M/C&M;Man;0;0;0.0
45. 99048-19HV-000;21-22;N&G;Man;7;6;85.7
45. 99048-19HV-000;21-22;N&G;Vrouw;6;;33.3
45. 99048-19HV-000;21-22;N&T;Man;7;7;100.0
45. 99048-19HV-000;21-22;N&T/E&M;Man;0;0;0.0
45. 99048-19HV-000;21-22;N&T/E&M;Vrouw;0;0;0.0
45. 99048-19HV-000;21-22;N&T/N&G;Vrouw;10;9;90.0
45. 99048-19HV-000;22-23;E&M;Man;10;7;70.0
45. 99048-19HV-000;22-23;E&M;Vrouw;8;5;62.5
45. 99048-19HV-000;22-23;E&M/C&M;Man;0;0;0.0
45. 99048-19HV-000;22-23;N&G;Vrouw;18;13;72.2
45. 99048-19HV-000;22-23;N&T;Man;6;6;100.0
45. 99048-19HV-000;22-23;N&T/E&M;Man;0;0;0.0
45. 99048-19HV-000;22-23;N&T/E&M;Vrouw;0;0;0.0
45. 99048-19HV-000;22-23;N&T/N&G;Man;9;8;88.9
45. 99048-19HV-000;22-23;N&T/N&G;Vrouw;6;5;83.3
45. 99048-19HV-000;23-24;C&M;Vrouw;10;7;70.0
45. 99048-19HV-000;23-24;E&M;Man;17;13;76.5
45. 99048-19HV-000;23-24;E&M;Vrouw;6;;66.7
45. 99048-19HV-000;23-24;N&G;Vrouw;17;8;47.1
45. 99048-19HV-000;23-24;N&T;Man;5;5;100.0
45. 99048-19HV-000;23-24;N&T;Vrouw;5;5;100.0
45. 99048-19HV-000;23-24;N&T/E&M;Man;0;0;0.0
45. 99048-19HV-000;23-24;N&T/E&M;Vrouw;0;0;0.0
45. 99048-19HV-000;23-24;N&T/N&G;Man;13;12;92.3
45. 99048-19HV-000;23-24;N&T/N&G;Vrouw;7;7;100.0
45. 99048-19HV-000;24-25;C&M;Man;;0;0.0
45. 99048-19HV-000;24-25;C&M;Vrouw;8;7;87.5
45. 99048-19HV-000;24-25;E&M;Man;17;15;88.2
45. 99048-19HV-000;24-25;E&M;Vrouw;6;;66.7
45. 99048-19HV-000;24-25;N&G;Vrouw;5;;80.0
45. 99048-19HV-000;24-25;N&T;Man;6;6;100.0
45. 99048-19HV-000;24-25;N&T/E&M;Vrouw;0;0;0.0
45. 99048-19HV-000;24-25;N&T/N&G;Man;6;5;83.3
45. 99048-19HV-000;24-25;N&T/N&G;Vrouw;7;7;100.0
46. 41298-02VO-000;21-22;E&M;Man;5;5;100.0
46. 41298-02VO-000;21-22;E&M/C&M;Man;14;14;100.0
46. 41298-02VO-000;21-22;E&M/C&M;Vrouw;15;15;100.0
46. 41298-02VO-000;21-22;N&G;Vrouw;7;6;85.7
46. 41298-02VO-000;21-22;N&G/C&M;Man;0;0;0.0
46. 41298-02VO-000;21-22;N&G/C&M;Vrouw;0;0;0.0
46. 41298-02VO-000;21-22;N&T;Man;8;8;100.0
46. 41298-02VO-000;21-22;N&T;Vrouw;0;0;0.0
46. 41298-02VO-000;21-22;N&T/E&M;Man;0;0;0.0
46. 41298-02VO-000;21-22;N&T/N&G;Man;24;24;100.0
46. 41298-02VO-000;21-22;N&T/N&G;Vrouw;13;12;92.3
46. 41298-02VO-000;22-23;C&M;Vrouw;6;6;100.0
46. 41298-02VO-000;22-23;E&M;Vrouw;0;0;0.0
46. 41298-02VO-000;22-23;E&M/C&M;Man;21;19;90.5
46. 41298-02VO-000;22-23;E&M/C&M;Vrouw;14;11;78.6
46. 41298-02VO-000;22-23;N&G/C&M;Man;0;0;0.0
46. 41298-02VO-000;22-23;N&G/C&M;Vrouw;0;0;0.0
46. 41298-02VO-000;22-23;N&T;Man;9;9;100.0
46. 41298-02VO-000;22-23;N&T;Vrouw;7;7;100.0
46. 41298-02VO-000;22-23;N&T/E&M;Man;0;0;0.0
46. 41298-02VO-000;22-23;N&T/E&M;Vrouw;0;0;0.0
46. 41298-02VO-000;22-23;N&T/N&G;Man;31;28;90.3
46. 41298-02VO-000;22-23;N&T/N&G;Vrouw;22;22;100.0
46. 41298-02VO-000;23-24;C&M;Man;0;0;0.0
46. 41298-02VO-000;23-24;E&M;Man;5;5;100.0
46. 41298-02VO-000;23-24;E&M/C&M;Man;6;5;83.3
46. 41298-02VO-000;23-24;E&M/C&M;Vrouw;9;7;77.8
46. 41298-02VO-000;23-24;N&G;Man;6;6;100.0
46. 41298-02VO-000;23-24;N&G;Vrouw;6;6;100.0
46. 41298-02VO-000;23-24;N&G/C&M;Man;0;0;0.0
46. 41298-02VO-000;23-24;N&G/C&M;Vrouw;0;0;0.0
46. 41298-02VO-000;23-24;N&T;Man;9;8;88.9
46. 41298-02VO-000;23-24;N&T/E&M;Man;0;0;0.0
46. 41298-02VO-000;23-24;N&T/E&M;Vrouw;0;0;0.0
46. 41298-02VO-000;23-24;N&T/N&G;Man;27;26;96.3
46. 41298-02VO-000;23-24;N&T/N&G;Vrouw;12;11;91.7
46. 41298-02VO-000;24-25;C&M;Vrouw;5;5;100.0
46. 41298-02VO-000;24-25;E&M;Man;7;6;85.7
46. 41298-02VO-000;24-25;E&M/C&M;Man;9;8;88.9
46. 41298-02VO-000;24-25;E&M/C&M;Vrouw;12;10;83.3
46. 41298-02VO-000;24-25;N&G;Man;5;;80.0
46. 41298-02VO-000;24-25;N&G;Vrouw;10;9;90.0
46. 41298-02VO-000;24-25;N&G/C&M;Man;0;0;0.0
46. 41298-02VO-000;24-25;N&T;Man;10;9;90.0
46. 41298-02VO-000;24-25;N&T;Vrouw;5;5;100.0
46. 41298-02VO-000;24-25;N&T/E&M;Man;0;0;0.0
46. 41298-02VO-000;24-25;N&T/E&M;Vrouw;0;0;0.0
46. 41298-02VO-000;24-25;N&T/N&G;Man;21;18;85.7
46. 41298-02VO-000;24-25;N&T/N&G;Vrouw;19;17;89.5
