tSchool;Schooljaar;vakgroep;ce_raw;ce_predicted;va
01. 13652-20AA-000;21-22;Klassiek;6.2384;5.8511;0.3873
01. 13652-20AA-000;22-23;Klassiek;6.1848;6.4036;-0.2188
01. 13652-20AA-000;23-24;Klassiek;6.6;6.4283;0.1717
01. 13652-20AA-000;24-25;Klassiek;5.95;6.3836;-0.4336
02. 41208-20CK-000;21-22;Klassiek;6.5017;6.1768;0.3249
02. 41208-20CK-000;22-23;Klassiek;6.5975;6.7399;-0.1424
02. 41208-20CK-000;23-24;Klassiek;6.95;6.7895;0.1605
02. 41208-20CK-000;24-25;Klassiek;6.95;6.7638;0.1862
03. 13556-21AB-000;21-22;Klassiek;6.8721;6.6633;0.2088
03. 13556-21AB-000;22-23;Klassiek;7.4108;7.2182;0.1927
03. 13556-21AB-000;23-24;Klassiek;7.3;7.259;0.041
03. 13556-21AB-000;24-25;Klassiek;7.2;7.2153;-0.0153
04. 40776-01ET-000;21-22;Klassiek;6.1841;6.3008;-0.1166
04. 40776-01ET-000;22-23;Klassiek;6.6772;6.8525;-0.1753
04. 40776-01ET-000;23-24;Klassiek;6.85;6.8921;-0.0421
04. 40776-01ET-000;24-25;Klassiek;7.0;6.8506;0.1494
05. 13556-21AF-000;21-22;Klassiek;6.3496;6.5179;-0.1684
05. 13556-21AF-000;22-23;Klassiek;7.2671;7.072;0.1951
05. 13556-21AF-000;23-24;Klassiek;7.55;7.1095;0.4405
05. 13556-21AF-000;24-25;Klassiek;6.85;7.0759;-0.2259
06. 42818-20QU-000;21-22;Klassiek;5.8864;5.7674;0.119
06. 42818-20QU-000;22-23;Klassiek;6.181;6.3139;-0.1329
06. 42818-20QU-000;23-24;Klassiek;6.1;6.3536;-0.2536
06. 42818-20QU-000;24-25;Klassiek;6.3;6.3035;-0.0035
07. 13554-20RM-000;21-22;Klassiek;6.1825;5.741;0.4415
07. 13554-20RM-000;22-23;Klassiek;6.0799;6.2812;-0.2013
07. 13554-20RM-000;23-24;Klassiek;6.1;6.3082;-0.2082
07. 13554-20RM-000;24-25;Klassiek;5.9;6.2482;-0.3482
08. 41211-02FY-007;21-22;Klassiek;5.3942;5.989;-0.5948
08. 41211-02FY-007;22-23;Klassiek;6.6063;6.5314;0.0749
08. 41211-02FY-007;23-24;Klassiek;7.5;6.5537;0.9463
08. 41211-02FY-007;24-25;Klassiek;6.5;6.445;0.055
09. 42992-03AM-000;21-22;Klassiek;5.6066;5.8803;-0.2737
09. 42992-03AM-000;22-23;Klassiek;6.0797;6.4231;-0.3434
09. 42992-03AM-000;23-24;Klassiek;6.75;6.4441;0.3059
09. 42992-03AM-000;24-25;Klassiek;6.7;6.3984;0.3016
10. 40856-02QP-000;21-22;Klassiek;5.5407;5.6372;-0.0966
10. 40856-02QP-000;22-23;Klassiek;6.5909;6.1794;0.4115
10. 40856-02QP-000;23-24;Klassiek;6.2;6.2061;-0.0061
10. 40856-02QP-000;24-25;Klassiek;6.1;6.1332;-0.0332
11. 41513-20KZ-000;21-22;Klassiek;5.3757;5.5968;-0.221
11. 41513-20KZ-000;22-23;Klassiek;6.6035;6.1413;0.4622
11. 41513-20KZ-000;23-24;Klassiek;5.8;6.1876;-0.3876
11. 41513-20KZ-000;24-25;Klassiek;5.75;6.163;-0.413
13. 41386-19ZU-000;21-22;Klassiek;5.8708;5.6464;0.2243
13. 41386-19ZU-000;22-23;Klassiek;6.1404;6.1945;-0.0541
13. 41386-19ZU-000;23-24;Klassiek;6.25;6.2345;0.0155
13. 41386-19ZU-000;24-25;Klassiek;6.2;6.1783;0.0217
14. 41525-20AI-000;21-22;Klassiek;6.0454;5.8817;0.1637
14. 41525-20AI-000;22-23;Klassiek;6.3897;6.4251;-0.0353
14. 41525-20AI-000;23-24;Klassiek;6.35;6.4646;-0.1146
14. 41525-20AI-000;24-25;Klassiek;6.6;6.4233;0.1767
15. 41360-20LU-000;21-22;Klassiek;6.8937;6.7026;0.1911
15. 41360-20LU-000;22-23;Klassiek;7.6399;7.2549;0.3849
15. 41360-20LU-000;23-24;Klassiek;7.15;7.2919;-0.1419
15. 41360-20LU-000;24-25;Klassiek;7.4;7.2464;0.1536
16. 33944-02DQ-000;21-22;Klassiek;6.2085;6.352;-0.1435
16. 33944-02DQ-000;22-23;Klassiek;6.7004;6.8986;-0.1983
16. 33944-02DQ-000;23-24;Klassiek;6.9;6.944;-0.044
16. 33944-02DQ-000;24-25;Klassiek;7.2;6.9107;0.2893
17. 42510-20BV-000;21-22;Klassiek;5.7525;5.6758;0.0767
17. 42510-20BV-000;22-23;Klassiek;5.5351;6.2239;-0.6888
17. 42510-20BV-000;23-24;Klassiek;6.3;6.2643;0.0357
17. 42510-20BV-000;24-25;Klassiek;6.25;6.2208;0.0292
18. 31240-02CR-000;21-22;Klassiek;6.3574;6.1715;0.1859
18. 31240-02CR-000;22-23;Klassiek;6.4208;6.7134;-0.2926
18. 31240-02CR-000;23-24;Klassiek;7.05;6.7572;0.2928
18. 31240-02CR-000;24-25;Klassiek;7.35;6.7263;0.6237
19. 13556-20QY-000;21-22;Klassiek;6.2494;6.2192;0.0302
19. 13556-20QY-000;22-23;Klassiek;7.0024;6.7698;0.2327
19. 13556-20QY-000;23-24;Klassiek;6.95;6.81;0.14
19. 13556-20QY-000;24-25;Klassiek;6.65;6.7788;-0.1288
21. 13556-02DW-000;21-22;Klassiek;5.3301;5.4304;-0.1003
21. 13556-02DW-000;22-23;Klassiek;6.0171;5.9699;0.0472
21. 13556-02DW-000;23-24;Klassiek;5.75;6.009;-0.259
21. 13556-02DW-000;24-25;Klassiek;6.0;5.9747;0.0253
22. 13556-20AJ-000;21-22;Klassiek;6.0643;5.7702;0.2941
22. 13556-20AJ-000;22-23;Klassiek;6.0506;6.3238;-0.2731
22. 13556-20AJ-000;23-24;Klassiek;6.5;6.364;0.136
22. 13556-20AJ-000;24-25;Klassiek;6.4;6.3315;0.0685
25. 41347-14WI-000;21-22;Klassiek;5.3808;5.5506;-0.1698
25. 41347-14WI-000;22-23;Klassiek;5.3727;6.0891;-0.7163
25. 41347-14WI-000;23-24;Klassiek;6.7;6.1182;0.5818
25. 41347-14WI-000;24-25;Klassiek;6.15;6.0935;0.0565
26. 13603-20DL-002;21-22;Klassiek;6.136;5.6858;0.4502
26. 13603-20DL-002;22-23;Klassiek;6.3474;6.2462;0.1013
26. 13603-20DL-002;23-24;Klassiek;5.75;6.2915;-0.5415
26. 13603-20DL-002;24-25;Klassiek;5.7;6.248;-0.548
27. 42505-20DP-000;21-22;Klassiek;5.8895;5.894;-0.0044
27. 42505-20DP-000;22-23;Klassiek;6.1;6.4402;-0.3402
27. 42505-20DP-000;23-24;Klassiek;6.65;6.4715;0.1785
27. 42505-20DP-000;24-25;Klassiek;6.25;6.4207;-0.1707
27. 42505-30GD-000;21-22;Klassiek;5.9281;5.8245;0.1035
27. 42505-30GD-000;22-23;Klassiek;6.2236;6.3736;-0.15
27. 42505-30GD-000;23-24;Klassiek;6.45;6.4181;0.0319
27. 42505-30GD-000;24-25;Klassiek;6.05;6.3625;-0.3125
28. 41211-17JY-000;21-22;Klassiek;5.6598;5.7213;-0.0615
28. 41211-17JY-000;22-23;Klassiek;5.9586;6.2694;-0.3108
28. 41211-17JY-000;23-24;Klassiek;6.45;6.3096;0.1404
28. 41211-17JY-000;24-25;Klassiek;6.6;6.2689;0.3311
29. 41285-20CI-000;21-22;Klassiek;5.5881;5.807;-0.2189
29. 41285-20CI-000;22-23;Klassiek;6.1923;6.354;-0.1617
29. 41285-20CI-000;23-24;Klassiek;6.35;6.392;-0.042
29. 41285-20CI-000;24-25;Klassiek;6.65;6.3521;0.2979
30. 42992-02QO-000;21-22;Klassiek;5.1494;5.5936;-0.4443
30. 42992-02QO-000;22-23;Klassiek;6.5867;6.1394;0.4473
30. 42992-02QO-000;23-24;Klassiek;6.2;6.1745;0.0255
30. 42992-02QO-000;24-25;Klassiek;5.9;6.1215;-0.2215
31. 41775-15SC-000;21-22;Klassiek;6.0896;6.3401;-0.2505
31. 41775-15SC-000;22-23;Klassiek;7.2165;6.8942;0.3223
31. 41775-15SC-000;23-24;Klassiek;7.15;6.9297;0.2203
31. 41775-15SC-000;24-25;Klassiek;6.9;6.8834;0.0166
32. 20151-14QT-000;21-22;Klassiek;5.9694;6.0372;-0.0678
32. 20151-14QT-000;22-23;Klassiek;6.7241;6.5878;0.1363
32. 20151-14QT-000;23-24;Klassiek;6.45;6.6275;-0.1775
32. 20151-14QT-000;24-25;Klassiek;6.65;6.5871;0.0629
33. 41568-20DC-000;21-22;Klassiek;5.794;5.8591;-0.065
33. 41568-20DC-000;22-23;Klassiek;6.7215;6.4066;0.3149
33. 41568-20DC-000;23-24;Klassiek;6.3;6.4469;-0.1469
33. 41568-20DC-000;24-25;Klassiek;6.2;6.391;-0.191
35. 40094-16PA-000;21-22;Klassiek;6.2958;5.9562;0.3396
35. 40094-16PA-000;22-23;Klassiek;6.4882;6.5096;-0.0215
35. 40094-16PA-000;23-24;Klassiek;6.35;6.5581;-0.2081
35. 40094-16PA-000;24-25;Klassiek;6.5;6.5256;-0.0256
36. 41475-15JM-000;21-22;Klassiek;5.572;5.9503;-0.3783
36. 41475-15JM-000;22-23;Klassiek;6.8122;6.512;0.3002
36. 41475-15JM-000;23-24;Klassiek;6.6;6.5571;0.0429
36. 41475-15JM-000;24-25;Klassiek;6.5;6.5226;-0.0226
37. 13556-20DG-000;21-22;Klassiek;5.6802;5.8806;-0.2004
37. 13556-20DG-000;22-23;Klassiek;6.1895;6.4218;-0.2323
37. 13556-20DG-000;23-24;Klassiek;6.15;6.4667;-0.3167
37. 13556-20DG-000;24-25;Klassiek;7.2;6.4434;0.7566
38. 42623-20CF-000;21-22;Klassiek;5.9638;5.8775;0.0863
38. 42623-20CF-000;22-23;Klassiek;6.5098;6.4283;0.0815
38. 42623-20CF-000;23-24;Klassiek;6.65;6.4618;0.1882
38. 42623-20CF-000;24-25;Klassiek;6.25;6.3183;-0.0683
41. 42620-01FP-004;21-22;Klassiek;5.5104;5.6312;-0.1208
41. 42620-01FP-004;22-23;Klassiek;6.275;6.1851;0.0899
41. 42620-01FP-004;23-24;Klassiek;6.2;6.2233;-0.0233
41. 42620-01FP-004;24-25;Klassiek;6.1;6.1996;-0.0996
42. 40586-30GC-000;21-22;Klassiek;5.6818;6.1316;-0.4498
42. 40586-30GC-000;22-23;Klassiek;6.8195;6.6877;0.1319
42. 40586-30GC-000;23-24;Klassiek;6.7;6.7277;-0.0277
42. 40586-30GC-000;24-25;Klassiek;6.8;6.6961;0.1039
43. 42621-14RF-006;21-22;Klassiek;6.7445;6.3201;0.4245
43. 42621-14RF-006;22-23;Klassiek;6.9677;6.8754;0.0924
43. 42621-14RF-006;23-24;Klassiek;6.65;6.9113;-0.2613
43. 42621-14RF-006;24-25;Klassiek;6.6;6.8851;-0.2851
44. 20151-31RY-000;21-22;Klassiek;6.1745;6.4143;-0.2398
44. 20151-31RY-000;22-23;Klassiek;7.6076;6.968;0.6396
44. 20151-31RY-000;23-24;Klassiek;7.15;7.0301;0.1199
44. 20151-31RY-000;24-25;Klassiek;6.95;6.9921;-0.0421
45. 99048-19HV-000;21-22;Klassiek;6.7099;6.0135;0.6964
45. 99048-19HV-000;22-23;Klassiek;6.7711;6.5614;0.2098
45. 99048-19HV-000;23-24;Klassiek;5.6;6.6036;-1.0036
45. 99048-19HV-000;24-25;Klassiek;6.4;6.5401;-0.1401
46. 41298-02VO-000;21-22;Klassiek;5.4566;5.8181;-0.3616
46. 41298-02VO-000;22-23;Klassiek;6.19;6.3694;-0.1794
46. 41298-02VO-000;23-24;Klassiek;6.4;6.4097;-0.0097
46. 41298-02VO-000;24-25;Klassiek;6.4;6.3775;0.0225
01. 13652-20AA-000;21-22;Beta;7.0195;6.8577;0.1618
01. 13652-20AA-000;22-23;Beta;6.8802;6.903;-0.0227
01. 13652-20AA-000;23-24;Beta;6.8333;6.8277;0.0057
01. 13652-20AA-000;24-25;Beta;6.4667;6.5882;-0.1215
02. 41208-20CK-000;21-22;Beta;7.0223;7.0009;0.0215
02. 41208-20CK-000;22-23;Beta;7.0123;7.0627;-0.0503
02. 41208-20CK-000;23-24;Beta;7.1333;7.0268;0.1066
02. 41208-20CK-000;24-25;Beta;6.7667;6.817;-0.0503
03. 13556-21AB-000;21-22;Beta;6.9501;6.9533;-0.0032
03. 13556-21AB-000;22-23;Beta;7.0531;7.0022;0.0509
03. 13556-21AB-000;23-24;Beta;6.8667;6.9524;-0.0857
03. 13556-21AB-000;24-25;Beta;6.7667;6.7145;0.0522
04. 40776-01ET-000;21-22;Beta;7.6247;7.2551;0.3696
04. 40776-01ET-000;22-23;Beta;7.0979;7.2991;-0.2013
04. 40776-01ET-000;23-24;Beta;7.2;7.2474;-0.0474
04. 40776-01ET-000;24-25;Beta;7.1;7.0128;0.0872
05. 13556-21AF-000;21-22;Beta;6.9666;6.9601;0.0065
05. 13556-21AF-000;22-23;Beta;6.8599;7.0078;-0.1479
05. 13556-21AF-000;23-24;Beta;6.9667;6.9527;0.014
05. 13556-21AF-000;24-25;Beta;6.8333;6.7307;0.1027
06. 42818-20QU-000;21-22;Beta;6.2453;6.3805;-0.1353
06. 42818-20QU-000;22-23;Beta;6.4749;6.4161;0.0587
06. 42818-20QU-000;23-24;Beta;6.3667;6.3646;0.0021
06. 42818-20QU-000;24-25;Beta;5.8667;6.1165;-0.2499
07. 13554-20RM-000;21-22;Beta;6.6021;6.6895;-0.0875
07. 13554-20RM-000;22-23;Beta;6.5489;6.7154;-0.1665
07. 13554-20RM-000;23-24;Beta;6.5667;6.6438;-0.0772
07. 13554-20RM-000;24-25;Beta;6.6667;6.3803;0.2864
08. 41211-02FY-007;21-22;Beta;6.5947;6.4944;0.1003
08. 41211-02FY-007;22-23;Beta;6.8601;6.5238;0.3364
08. 41211-02FY-007;23-24;Beta;6.4667;6.4448;0.0219
08. 41211-02FY-007;24-25;Beta;5.7;6.1047;-0.4047
09. 42992-03AM-000;21-22;Beta;6.9541;7.0779;-0.1237
09. 42992-03AM-000;22-23;Beta;6.9709;7.1079;-0.137
09. 42992-03AM-000;23-24;Beta;6.9;7.0268;-0.1268
09. 42992-03AM-000;24-25;Beta;7.2667;6.7857;0.4809
10. 40856-02QP-000;21-22;Beta;6.6483;6.9381;-0.2898
10. 40856-02QP-000;22-23;Beta;7.0305;6.9671;0.0634
10. 40856-02QP-000;23-24;Beta;7.1333;6.8951;0.2383
10. 40856-02QP-000;24-25;Beta;6.9;6.6112;0.2888
11. 41513-20KZ-000;21-22;Beta;6.9582;6.8856;0.0726
11. 41513-20KZ-000;22-23;Beta;7.046;6.9183;0.1276
11. 41513-20KZ-000;23-24;Beta;7.0;6.877;0.123
11. 41513-20KZ-000;24-25;Beta;6.3;6.6691;-0.3691
13. 41386-19ZU-000;21-22;Beta;6.8314;6.7324;0.0991
13. 41386-19ZU-000;22-23;Beta;6.7346;6.7705;-0.0359
13. 41386-19ZU-000;23-24;Beta;6.7;6.7194;-0.0194
13. 41386-19ZU-000;24-25;Beta;6.4333;6.4618;-0.0285
14. 41525-20AI-000;21-22;Beta;6.4679;6.5647;-0.0968
14. 41525-20AI-000;22-23;Beta;6.3471;6.5955;-0.2484
14. 41525-20AI-000;23-24;Beta;6.5667;6.5436;0.0231
14. 41525-20AI-000;24-25;Beta;6.4667;6.3094;0.1573
15. 41360-20LU-000;21-22;Beta;6.6338;6.8457;-0.212
15. 41360-20LU-000;22-23;Beta;7.1175;6.8906;0.2269
15. 41360-20LU-000;23-24;Beta;6.8;6.8348;-0.0348
15. 41360-20LU-000;24-25;Beta;6.6;6.594;0.006
16. 33944-02DQ-000;21-22;Beta;7.2998;7.3148;-0.015
16. 33944-02DQ-000;22-23;Beta;7.5362;7.3507;0.1854
16. 33944-02DQ-000;23-24;Beta;7.3333;7.308;0.0253
16. 33944-02DQ-000;24-25;Beta;6.8667;7.0865;-0.2198
17. 42510-20BV-000;21-22;Beta;6.6596;6.5417;0.1179
17. 42510-20BV-000;22-23;Beta;6.4338;6.58;-0.1462
17. 42510-20BV-000;23-24;Beta;6.5667;6.5295;0.0371
17. 42510-20BV-000;24-25;Beta;6.0667;6.2919;-0.2252
18. 31240-02CR-000;21-22;Beta;6.9933;7.1449;-0.1516
18. 31240-02CR-000;22-23;Beta;7.2714;7.1733;0.0981
18. 31240-02CR-000;23-24;Beta;7.0;7.1283;-0.1283
18. 31240-02CR-000;24-25;Beta;7.2;6.9104;0.2896
19. 13556-20QY-000;21-22;Beta;6.9121;7.0441;-0.132
19. 13556-20QY-000;22-23;Beta;7.0686;7.0861;-0.0175
19. 13556-20QY-000;23-24;Beta;7.1667;7.0353;0.1313
19. 13556-20QY-000;24-25;Beta;6.7667;6.8171;-0.0504
21. 13556-02DW-000;21-22;Beta;6.5907;6.7889;-0.1982
21. 13556-02DW-000;22-23;Beta;6.971;6.8137;0.1574
21. 13556-02DW-000;23-24;Beta;6.8333;6.7611;0.0722
21. 13556-02DW-000;24-25;Beta;6.5333;6.5379;-0.0046
22. 13556-20AJ-000;21-22;Beta;6.9021;6.8828;0.0193
22. 13556-20AJ-000;22-23;Beta;6.8274;6.9297;-0.1023
22. 13556-20AJ-000;23-24;Beta;7.0333;6.8789;0.1544
22. 13556-20AJ-000;24-25;Beta;6.6333;6.6585;-0.0252
25. 41347-14WI-000;21-22;Beta;6.0996;6.2875;-0.1879
25. 41347-14WI-000;22-23;Beta;6.2233;6.3106;-0.0873
25. 41347-14WI-000;23-24;Beta;6.2;6.2425;-0.0425
25. 41347-14WI-000;24-25;Beta;6.0333;6.0343;-0.0009
26. 13603-20DL-002;21-22;Beta;6.4957;6.4521;0.0435
26. 13603-20DL-002;22-23;Beta;6.3748;6.5097;-0.1348
26. 13603-20DL-002;23-24;Beta;6.2667;6.4669;-0.2003
26. 13603-20DL-002;24-25;Beta;6.4333;6.2292;0.2041
27. 42505-20DP-000;21-22;Beta;6.9195;6.8646;0.0549
27. 42505-20DP-000;22-23;Beta;6.8073;6.9;-0.0927
27. 42505-20DP-000;23-24;Beta;6.8667;6.8351;0.0316
27. 42505-20DP-000;24-25;Beta;6.4667;6.586;-0.1193
27. 42505-30GD-000;21-22;Beta;7.1402;7.0045;0.1357
27. 42505-30GD-000;22-23;Beta;7.0848;7.0443;0.0404
27. 42505-30GD-000;23-24;Beta;6.9;7.0002;-0.1002
27. 42505-30GD-000;24-25;Beta;6.6667;6.7436;-0.0769
28. 41211-17JY-000;21-22;Beta;7.1106;7.118;-0.0074
28. 41211-17JY-000;22-23;Beta;7.2948;7.1562;0.1386
28. 41211-17JY-000;23-24;Beta;7.0;7.1055;-0.1055
28. 41211-17JY-000;24-25;Beta;7.0667;6.8722;0.1945
29. 41285-20CI-000;21-22;Beta;6.8659;6.9395;-0.0736
29. 41285-20CI-000;22-23;Beta;7.1521;6.976;0.1761
29. 41285-20CI-000;23-24;Beta;7.0667;6.9218;0.1449
29. 41285-20CI-000;24-25;Beta;6.5;6.6898;-0.1898
30. 42992-02QO-000;21-22;Beta;6.517;6.4369;0.0802
30. 42992-02QO-000;22-23;Beta;6.3277;6.4715;-0.1437
30. 42992-02QO-000;23-24;Beta;6.6;6.4126;0.1874
30. 42992-02QO-000;24-25;Beta;5.8333;6.16;-0.3266
31. 41775-15SC-000;21-22;Beta;7.0671;7.0807;-0.0136
31. 41775-15SC-000;22-23;Beta;7.3861;7.1283;0.2578
31. 41775-15SC-000;23-24;Beta;7.1;7.0701;0.0299
31. 41775-15SC-000;24-25;Beta;6.7333;6.8281;-0.0948
32. 20151-14QT-000;21-22;Beta;6.9061;6.7746;0.1314
32. 20151-14QT-000;22-23;Beta;6.847;6.8168;0.0303
32. 20151-14QT-000;23-24;Beta;6.8333;6.7652;0.0681
32. 20151-14QT-000;24-25;Beta;6.4;6.5324;-0.1324
33. 41568-20DC-000;21-22;Beta;6.4733;6.3724;0.1009
33. 41568-20DC-000;22-23;Beta;6.1327;6.4098;-0.277
33. 41568-20DC-000;23-24;Beta;6.3333;6.3591;-0.0258
33. 41568-20DC-000;24-25;Beta;6.1;6.102;-0.002
35. 40094-16PA-000;21-22;Beta;7.2182;7.1435;0.0747
35. 40094-16PA-000;22-23;Beta;7.2139;7.1901;0.0237
35. 40094-16PA-000;23-24;Beta;7.0;7.1523;-0.1523
35. 40094-16PA-000;24-25;Beta;7.0333;6.932;0.1014
36. 41475-15JM-000;21-22;Beta;7.1939;7.0323;0.1616
36. 41475-15JM-000;22-23;Beta;7.0819;7.0919;-0.01
36. 41475-15JM-000;23-24;Beta;7.0;7.0488;-0.0488
36. 41475-15JM-000;24-25;Beta;6.6667;6.8253;-0.1587
37. 13556-20DG-000;21-22;Beta;6.7573;6.8385;-0.0813
37. 13556-20DG-000;22-23;Beta;6.9662;6.8659;0.1003
37. 13556-20DG-000;23-24;Beta;6.6;6.8224;-0.2224
37. 13556-20DG-000;24-25;Beta;6.8333;6.6165;0.2168
38. 42623-20CF-000;21-22;Beta;7.0843;7.0557;0.0286
38. 42623-20CF-000;22-23;Beta;6.9772;7.0983;-0.1211
38. 42623-20CF-000;23-24;Beta;7.1667;7.0368;0.1299
38. 42623-20CF-000;24-25;Beta;6.8;6.642;0.158
41. 42620-01FP-004;21-22;Beta;7.1287;6.8689;0.2598
41. 42620-01FP-004;22-23;Beta;6.9369;6.9164;0.0205
41. 42620-01FP-004;23-24;Beta;6.6667;6.8624;-0.1957
41. 42620-01FP-004;24-25;Beta;6.5333;6.6558;-0.1225
42. 40586-30GC-000;21-22;Beta;6.9578;6.8835;0.0743
42. 40586-30GC-000;22-23;Beta;6.9437;6.9343;0.0095
42. 40586-30GC-000;23-24;Beta;6.9;6.8831;0.0169
42. 40586-30GC-000;24-25;Beta;6.6667;6.6642;0.0024
43. 42621-14RF-006;21-22;Beta;6.7253;6.7133;0.012
43. 42621-14RF-006;22-23;Beta;6.7277;6.7629;-0.0352
43. 42621-14RF-006;23-24;Beta;6.6667;6.7053;-0.0386
43. 42621-14RF-006;24-25;Beta;6.5;6.4949;0.0051
44. 20151-31RY-000;21-22;Beta;6.1735;6.5322;-0.3587
44. 20151-31RY-000;22-23;Beta;6.4771;6.5793;-0.1022
44. 20151-31RY-000;23-24;Beta;6.8667;6.563;0.3037
44. 20151-31RY-000;24-25;Beta;6.6;6.3339;0.2661
45. 99048-19HV-000;21-22;Beta;6.2382;6.4021;-0.1639
45. 99048-19HV-000;22-23;Beta;6.5053;6.4399;0.0653
45. 99048-19HV-000;23-24;Beta;6.1667;6.3923;-0.2257
45. 99048-19HV-000;24-25;Beta;6.4667;6.1232;0.3435
46. 41298-02VO-000;21-22;Beta;7.2692;7.0641;0.2051
46. 41298-02VO-000;22-23;Beta;7.2201;7.1074;0.1128
46. 41298-02VO-000;23-24;Beta;7.0667;7.0566;0.0101
46. 41298-02VO-000;24-25;Beta;6.5667;6.8368;-0.2701
01. 13652-20AA-000;21-22;Wiskunde;6.7045;6.5679;0.1366
01. 13652-20AA-000;22-23;Wiskunde;7.1113;6.9443;0.167
01. 13652-20AA-000;23-24;Wiskunde;6.95;6.9268;0.0232
01. 13652-20AA-000;24-25;Wiskunde;6.3;6.6774;-0.3774
02. 41208-20CK-000;21-22;Wiskunde;7.003;6.8734;0.1295
02. 41208-20CK-000;22-23;Wiskunde;7.1842;7.2706;-0.0863
02. 41208-20CK-000;23-24;Wiskunde;7.25;7.3022;-0.0522
02. 41208-20CK-000;24-25;Wiskunde;7.15;7.0899;0.0601
03. 13556-21AB-000;21-22;Wiskunde;6.5515;6.7998;-0.2483
03. 13556-21AB-000;22-23;Wiskunde;7.1138;7.1808;-0.067
03. 13556-21AB-000;23-24;Wiskunde;7.5;7.1951;0.3049
03. 13556-21AB-000;24-25;Wiskunde;6.95;6.9477;0.0023
04. 40776-01ET-000;21-22;Wiskunde;6.8596;6.8411;0.0185
04. 40776-01ET-000;22-23;Wiskunde;7.1173;7.216;-0.0987
04. 40776-01ET-000;23-24;Wiskunde;6.95;7.2278;-0.2778
04. 40776-01ET-000;24-25;Wiskunde;7.3;6.9846;0.3154
05. 13556-21AF-000;21-22;Wiskunde;6.5056;6.6968;-0.1912
05. 13556-21AF-000;22-23;Wiskunde;7.119;7.0762;0.0428
05. 13556-21AF-000;23-24;Wiskunde;7.15;7.0839;0.0661
05. 13556-21AF-000;24-25;Wiskunde;6.8;6.8564;-0.0564
06. 42818-20QU-000;21-22;Wiskunde;7.0603;6.8692;0.1911
06. 42818-20QU-000;22-23;Wiskunde;7.3015;7.2336;0.0679
06. 42818-20QU-000;23-24;Wiskunde;7.45;7.2457;0.2043
06. 42818-20QU-000;24-25;Wiskunde;6.75;6.9857;-0.2357
07. 13554-20RM-000;21-22;Wiskunde;6.4379;6.1083;0.3296
07. 13554-20RM-000;22-23;Wiskunde;6.329;6.4604;-0.1315
07. 13554-20RM-000;23-24;Wiskunde;6.0;6.4476;-0.4476
07. 13554-20RM-000;24-25;Wiskunde;6.1;6.1681;-0.0681
08. 41211-02FY-007;21-22;Wiskunde;6.7038;6.6538;0.05
08. 41211-02FY-007;22-23;Wiskunde;7.3486;7.0104;0.3383
08. 41211-02FY-007;23-24;Wiskunde;6.85;6.9882;-0.1382
08. 41211-02FY-007;24-25;Wiskunde;6.5;6.6131;-0.1131
09. 42992-03AM-000;21-22;Wiskunde;6.5679;6.7862;-0.2183
09. 42992-03AM-000;22-23;Wiskunde;7.1377;7.1436;-0.0059
09. 42992-03AM-000;23-24;Wiskunde;7.3;7.1189;0.1811
09. 42992-03AM-000;24-25;Wiskunde;6.9;6.8675;0.0325
10. 40856-02QP-000;21-22;Wiskunde;6.0516;6.6313;-0.5797
10. 40856-02QP-000;22-23;Wiskunde;7.1732;6.9874;0.1858
10. 40856-02QP-000;23-24;Wiskunde;7.25;6.974;0.276
10. 40856-02QP-000;24-25;Wiskunde;7.05;6.6692;0.3808
11. 41513-20KZ-000;21-22;Wiskunde;6.3329;6.2762;0.0567
11. 41513-20KZ-000;22-23;Wiskunde;6.6896;6.6369;0.0526
11. 41513-20KZ-000;23-24;Wiskunde;6.7;6.6618;0.0382
11. 41513-20KZ-000;24-25;Wiskunde;6.25;6.452;-0.202
13. 41386-19ZU-000;21-22;Wiskunde;6.976;6.5649;0.4112
13. 41386-19ZU-000;22-23;Wiskunde;6.7722;6.9324;-0.1603
13. 41386-19ZU-000;23-24;Wiskunde;6.9;6.9451;-0.0451
13. 41386-19ZU-000;24-25;Wiskunde;6.55;6.6731;-0.1231
14. 41525-20AI-000;21-22;Wiskunde;6.4878;6.4578;0.03
14. 41525-20AI-000;22-23;Wiskunde;6.7918;6.8162;-0.0244
14. 41525-20AI-000;23-24;Wiskunde;6.75;6.8279;-0.0779
14. 41525-20AI-000;24-25;Wiskunde;6.6;6.5851;0.0149
15. 41360-20LU-000;21-22;Wiskunde;6.6822;6.7957;-0.1134
15. 41360-20LU-000;22-23;Wiskunde;7.4107;7.1716;0.2391
15. 41360-20LU-000;23-24;Wiskunde;7.1;7.1784;-0.0784
15. 41360-20LU-000;24-25;Wiskunde;6.95;6.9274;0.0226
16. 33944-02DQ-000;21-22;Wiskunde;6.9627;6.9756;-0.0129
16. 33944-02DQ-000;22-23;Wiskunde;7.431;7.3404;0.0905
16. 33944-02DQ-000;23-24;Wiskunde;7.3;7.3636;-0.0636
16. 33944-02DQ-000;24-25;Wiskunde;7.15;7.1367;0.0133
17. 42510-20BV-000;21-22;Wiskunde;6.8017;6.4948;0.3069
17. 42510-20BV-000;22-23;Wiskunde;6.826;6.8625;-0.0365
17. 42510-20BV-000;23-24;Wiskunde;6.95;6.876;0.074
17. 42510-20BV-000;24-25;Wiskunde;6.2;6.629;-0.429
18. 31240-02CR-000;21-22;Wiskunde;6.8348;6.8247;0.0101
18. 31240-02CR-000;22-23;Wiskunde;7.3827;7.1801;0.2026
18. 31240-02CR-000;23-24;Wiskunde;7.15;7.2003;-0.0503
18. 31240-02CR-000;24-25;Wiskunde;7.1;6.9779;0.1221
19. 13556-20QY-000;21-22;Wiskunde;6.8499;7.0076;-0.1577
19. 13556-20QY-000;22-23;Wiskunde;7.379;7.3801;-0.001
19. 13556-20QY-000;23-24;Wiskunde;7.5;7.3931;0.1069
19. 13556-20QY-000;24-25;Wiskunde;7.2;7.1703;0.0297
21. 13556-02DW-000;21-22;Wiskunde;6.5329;6.6126;-0.0796
21. 13556-02DW-000;22-23;Wiskunde;6.9232;6.9635;-0.0403
21. 13556-02DW-000;23-24;Wiskunde;7.0;6.9744;0.0256
21. 13556-02DW-000;24-25;Wiskunde;6.9;6.7454;0.1546
22. 13556-20AJ-000;21-22;Wiskunde;6.6849;6.6797;0.0052
22. 13556-20AJ-000;22-23;Wiskunde;6.8734;7.0582;-0.1848
22. 13556-20AJ-000;23-24;Wiskunde;7.25;7.0713;0.1787
22. 13556-20AJ-000;24-25;Wiskunde;6.9;6.8458;0.0542
25. 41347-14WI-000;21-22;Wiskunde;6.2627;6.1483;0.1144
25. 41347-14WI-000;22-23;Wiskunde;6.1706;6.4971;-0.3265
25. 41347-14WI-000;23-24;Wiskunde;6.8;6.4884;0.3116
25. 41347-14WI-000;24-25;Wiskunde;5.95;6.2782;-0.3282
26. 13603-20DL-002;21-22;Wiskunde;6.2508;6.3171;-0.0663
26. 13603-20DL-002;22-23;Wiskunde;6.5628;6.7089;-0.1461
26. 13603-20DL-002;23-24;Wiskunde;6.45;6.732;-0.282
26. 13603-20DL-002;24-25;Wiskunde;6.7;6.4849;0.2151
27. 42505-20DP-000;21-22;Wiskunde;6.8787;6.8733;0.0054
27. 42505-20DP-000;22-23;Wiskunde;7.2897;7.2375;0.0523
27. 42505-20DP-000;23-24;Wiskunde;7.3;7.2328;0.0672
27. 42505-20DP-000;24-25;Wiskunde;6.85;6.9715;-0.1215
27. 42505-30GD-000;21-22;Wiskunde;7.2017;6.9487;0.253
27. 42505-30GD-000;22-23;Wiskunde;7.2473;7.3183;-0.071
27. 42505-30GD-000;23-24;Wiskunde;7.2;7.3397;-0.1397
27. 42505-30GD-000;24-25;Wiskunde;7.1;7.0689;0.0311
28. 41211-17JY-000;21-22;Wiskunde;7.1073;6.9254;0.182
28. 41211-17JY-000;22-23;Wiskunde;7.3363;7.2931;0.0433
28. 41211-17JY-000;23-24;Wiskunde;7.3;7.3062;-0.0062
28. 41211-17JY-000;24-25;Wiskunde;7.05;7.0646;-0.0146
29. 41285-20CI-000;21-22;Wiskunde;6.6082;6.5617;0.0466
29. 41285-20CI-000;22-23;Wiskunde;7.1252;6.9272;0.198
29. 41285-20CI-000;23-24;Wiskunde;6.8;6.936;-0.136
29. 41285-20CI-000;24-25;Wiskunde;6.5;6.6959;-0.1959
30. 42992-02QO-000;21-22;Wiskunde;5.5684;6.0174;-0.4489
30. 42992-02QO-000;22-23;Wiskunde;6.361;6.3805;-0.0195
30. 42992-02QO-000;23-24;Wiskunde;6.45;6.3834;0.0666
30. 42992-02QO-000;24-25;Wiskunde;6.2;6.1177;0.0823
31. 41775-15SC-000;21-22;Wiskunde;6.7175;6.8675;-0.15
31. 41775-15SC-000;22-23;Wiskunde;7.4503;7.2468;0.2035
31. 41775-15SC-000;23-24;Wiskunde;7.15;7.2506;-0.1006
31. 41775-15SC-000;24-25;Wiskunde;7.2;6.9982;0.2018
32. 20151-14QT-000;21-22;Wiskunde;6.5218;6.2308;0.291
32. 20151-14QT-000;22-23;Wiskunde;6.4593;6.6034;-0.1441
32. 20151-14QT-000;23-24;Wiskunde;6.45;6.6154;-0.1654
32. 20151-14QT-000;24-25;Wiskunde;6.25;6.3744;-0.1244
33. 41568-20DC-000;21-22;Wiskunde;6.213;6.098;0.115
33. 41568-20DC-000;22-23;Wiskunde;6.4982;6.4646;0.0336
33. 41568-20DC-000;23-24;Wiskunde;6.3;6.4779;-0.1779
33. 41568-20DC-000;24-25;Wiskunde;6.05;6.2065;-0.1565
35. 40094-16PA-000;21-22;Wiskunde;6.6485;6.8303;-0.1817
35. 40094-16PA-000;22-23;Wiskunde;7.1575;7.2084;-0.051
35. 40094-16PA-000;23-24;Wiskunde;7.4;7.2377;0.1623
35. 40094-16PA-000;24-25;Wiskunde;7.0;7.0123;-0.0123
36. 41475-15JM-000;21-22;Wiskunde;7.1376;7.1107;0.0269
36. 41475-15JM-000;22-23;Wiskunde;7.6681;7.5051;0.163
36. 41475-15JM-000;23-24;Wiskunde;7.75;7.5278;0.2222
36. 41475-15JM-000;24-25;Wiskunde;7.0;7.2984;-0.2984
37. 13556-20DG-000;21-22;Wiskunde;6.57;6.8392;-0.2692
37. 13556-20DG-000;22-23;Wiskunde;7.063;7.1933;-0.1303
37. 13556-20DG-000;23-24;Wiskunde;7.45;7.2155;0.2345
37. 13556-20DG-000;24-25;Wiskunde;7.35;7.0081;0.3419
38. 42623-20CF-000;21-22;Wiskunde;6.3948;6.504;-0.1091
38. 42623-20CF-000;22-23;Wiskunde;6.6632;6.877;-0.2138
38. 42623-20CF-000;23-24;Wiskunde;6.8;6.8768;-0.0768
38. 42623-20CF-000;24-25;Wiskunde;6.75;6.4334;0.3166
41. 42620-01FP-004;21-22;Wiskunde;6.4489;6.3333;0.1156
41. 42620-01FP-004;22-23;Wiskunde;6.4744;6.7125;-0.2381
41. 42620-01FP-004;23-24;Wiskunde;6.65;6.7216;-0.0716
41. 42620-01FP-004;24-25;Wiskunde;6.45;6.5133;-0.0633
42. 40586-30GC-000;21-22;Wiskunde;6.6105;6.6207;-0.0102
42. 40586-30GC-000;22-23;Wiskunde;7.1793;7.0041;0.1752
42. 40586-30GC-000;23-24;Wiskunde;6.8;7.0167;-0.2167
42. 40586-30GC-000;24-25;Wiskunde;6.9;6.7931;0.1069
43. 42621-14RF-006;21-22;Wiskunde;7.2551;7.0765;0.1786
43. 42621-14RF-006;22-23;Wiskunde;7.4878;7.4583;0.0295
43. 42621-14RF-006;23-24;Wiskunde;7.35;7.4629;-0.1129
43. 42621-14RF-006;24-25;Wiskunde;7.25;7.2498;0.0002
44. 20151-31RY-000;21-22;Wiskunde;6.4163;6.8316;-0.4153
44. 20151-31RY-000;22-23;Wiskunde;7.1341;7.2103;-0.0762
44. 20151-31RY-000;23-24;Wiskunde;7.6;7.2664;0.3336
44. 20151-31RY-000;24-25;Wiskunde;7.5;7.03;0.47
45. 99048-19HV-000;21-22;Wiskunde;6.5631;6.4184;0.1448
45. 99048-19HV-000;22-23;Wiskunde;6.9018;6.7855;0.1163
45. 99048-19HV-000;23-24;Wiskunde;6.65;6.8026;-0.1526
45. 99048-19HV-000;24-25;Wiskunde;6.4;6.5162;-0.1162
46. 41298-02VO-000;21-22;Wiskunde;6.9736;6.8703;0.1033
46. 41298-02VO-000;22-23;Wiskunde;7.0962;7.2443;-0.1481
46. 41298-02VO-000;23-24;Wiskunde;7.25;7.2574;-0.0074
46. 41298-02VO-000;24-25;Wiskunde;7.1;7.0326;0.0674
01. 13652-20AA-000;21-22;Talen;6.8574;6.8473;0.0101
01. 13652-20AA-000;22-23;Talen;6.6796;6.9054;-0.2258
01. 13652-20AA-000;23-24;Talen;7.025;6.8873;0.1377
01. 13652-20AA-000;24-25;Talen;6.975;6.9695;0.0055
02. 41208-20CK-000;21-22;Talen;7.2943;7.1869;0.1073
02. 41208-20CK-000;22-23;Talen;7.1365;7.2601;-0.1236
02. 41208-20CK-000;23-24;Talen;7.4;7.2777;0.1223
02. 41208-20CK-000;24-25;Talen;7.425;7.3869;0.0381
03. 13556-21AB-000;21-22;Talen;6.9648;6.9456;0.0191
03. 13556-21AB-000;22-23;Talen;7.0809;7.0071;0.0738
03. 13556-21AB-000;23-24;Talen;7.125;7.0121;0.1129
03. 13556-21AB-000;24-25;Talen;6.85;7.0957;-0.2457
04. 40776-01ET-000;21-22;Talen;7.0751;6.9474;0.1277
04. 40776-01ET-000;22-23;Talen;6.8676;7.0044;-0.1368
04. 40776-01ET-000;23-24;Talen;6.9;7.0077;-0.1077
04. 40776-01ET-000;24-25;Talen;7.125;7.0943;0.0307
05. 13556-21AF-000;21-22;Talen;6.6423;7.0204;-0.3781
05. 13556-21AF-000;22-23;Talen;7.2567;7.0808;0.1759
05. 13556-21AF-000;23-24;Talen;7.2;7.081;0.119
05. 13556-21AF-000;24-25;Talen;7.25;7.1791;0.0709
06. 42818-20QU-000;21-22;Talen;6.6108;6.6861;-0.0753
06. 42818-20QU-000;22-23;Talen;6.6404;6.7355;-0.0951
06. 42818-20QU-000;23-24;Talen;6.575;6.739;-0.164
06. 42818-20QU-000;24-25;Talen;6.975;6.8134;0.1616
07. 13554-20RM-000;21-22;Talen;7.0568;6.982;0.0748
07. 13554-20RM-000;22-23;Talen;6.8602;7.0225;-0.1623
07. 13554-20RM-000;23-24;Talen;7.05;7.0079;0.0421
07. 13554-20RM-000;24-25;Talen;7.225;7.0682;0.1568
08. 41211-02FY-007;21-22;Talen;6.4326;6.6307;-0.1981
08. 41211-02FY-007;22-23;Talen;6.7642;6.6744;0.0898
08. 41211-02FY-007;23-24;Talen;6.85;6.653;0.197
08. 41211-02FY-007;24-25;Talen;6.6;6.6439;-0.0439
09. 42992-03AM-000;21-22;Talen;6.6924;6.8383;-0.1459
09. 42992-03AM-000;22-23;Talen;6.9442;6.8826;0.0616
09. 42992-03AM-000;23-24;Talen;6.85;6.8593;-0.0093
09. 42992-03AM-000;24-25;Talen;6.85;6.9401;-0.0901
10. 40856-02QP-000;21-22;Talen;7.1175;6.9831;0.1344
10. 40856-02QP-000;22-23;Talen;6.9866;7.0264;-0.0398
10. 40856-02QP-000;23-24;Talen;7.0667;7.0114;0.0553
10. 40856-02QP-000;24-25;Talen;7.15;7.0533;0.0967
11. 41513-20KZ-000;21-22;Talen;6.8087;6.8457;-0.037
11. 41513-20KZ-000;22-23;Talen;7.0336;6.8924;0.1412
11. 41513-20KZ-000;23-24;Talen;6.95;6.9052;0.0448
11. 41513-20KZ-000;24-25;Talen;6.8;7.0161;-0.2161
13. 41386-19ZU-000;21-22;Talen;6.8165;6.8284;-0.012
13. 41386-19ZU-000;22-23;Talen;6.8355;6.8801;-0.0446
13. 41386-19ZU-000;23-24;Talen;6.975;6.884;0.091
13. 41386-19ZU-000;24-25;Talen;6.9;6.9498;-0.0498
14. 41525-20AI-000;21-22;Talen;6.86;6.8523;0.0077
14. 41525-20AI-000;22-23;Talen;6.866;6.8973;-0.0313
15. 41360-20LU-000;21-22;Talen;7.108;7.1433;-0.0353
15. 41360-20LU-000;22-23;Talen;7.3116;7.2011;0.1105
15. 41360-20LU-000;23-24;Talen;7.2;7.2007;-0.0007
15. 41360-20LU-000;24-25;Talen;7.4;7.2817;0.1183
16. 33944-02DQ-000;21-22;Talen;7.2185;7.1589;0.0596
16. 33944-02DQ-000;22-23;Talen;7.1214;7.2086;-0.0872
16. 33944-02DQ-000;23-24;Talen;7.275;7.2201;0.0549
16. 33944-02DQ-000;24-25;Talen;7.25;7.3186;-0.0686
17. 42510-20BV-000;21-22;Talen;7.1806;6.9775;0.2031
17. 42510-20BV-000;22-23;Talen;6.9941;7.0293;-0.0352
17. 42510-20BV-000;23-24;Talen;6.9;7.0337;-0.1337
17. 42510-20BV-000;24-25;Talen;7.15;7.1177;0.0323
18. 31240-02CR-000;21-22;Talen;7.3536;7.1495;0.2041
18. 31240-02CR-000;22-23;Talen;7.0328;7.1923;-0.1595
18. 31240-02CR-000;23-24;Talen;7.075;7.2017;-0.1267
18. 31240-02CR-000;24-25;Talen;7.55;7.3035;0.2465
19. 13556-20QY-000;21-22;Talen;7.0559;6.9961;0.0599
19. 13556-20QY-000;22-23;Talen;7.0863;7.0513;0.035
19. 13556-20QY-000;23-24;Talen;6.9;7.0555;-0.1555
19. 13556-20QY-000;24-25;Talen;7.075;7.1569;-0.0819
21. 13556-02DW-000;21-22;Talen;6.8801;6.8292;0.0509
21. 13556-02DW-000;22-23;Talen;6.9452;6.8688;0.0764
21. 13556-02DW-000;23-24;Talen;6.6;6.8714;-0.2714
21. 13556-02DW-000;24-25;Talen;7.075;6.9684;0.1066
22. 13556-20AJ-000;21-22;Talen;6.8129;6.885;-0.0721
22. 13556-20AJ-000;22-23;Talen;6.8705;6.9446;-0.0741
22. 13556-20AJ-000;23-24;Talen;7.075;6.9488;0.1262
22. 13556-20AJ-000;24-25;Talen;7.025;7.0483;-0.0233
25. 41347-14WI-000;21-22;Talen;6.7077;6.7255;-0.0178
25. 41347-14WI-000;22-23;Talen;6.5553;6.7636;-0.2083
25. 41347-14WI-000;23-24;Talen;6.825;6.752;0.073
25. 41347-14WI-000;24-25;Talen;6.95;6.8626;0.0874
26. 13603-20DL-002;21-22;Talen;6.7911;6.7935;-0.0024
26. 13603-20DL-002;22-23;Talen;6.7048;6.8627;-0.1579
26. 13603-20DL-002;23-24;Talen;6.75;6.8742;-0.1242
26. 13603-20DL-002;24-25;Talen;7.35;6.958;0.392
27. 42505-20DP-000;21-22;Talen;7.0818;7.0328;0.0489
27. 42505-20DP-000;22-23;Talen;6.9925;7.082;-0.0896
27. 42505-20DP-000;23-24;Talen;7.075;7.0734;0.0016
27. 42505-20DP-000;24-25;Talen;7.15;7.1469;0.0031
27. 42505-30GD-000;21-22;Talen;7.1585;7.1116;0.0469
27. 42505-30GD-000;22-23;Talen;7.4041;7.1648;0.2393
27. 42505-30GD-000;23-24;Talen;7.225;7.175;0.05
27. 42505-30GD-000;24-25;Talen;6.95;7.2417;-0.2917
28. 41211-17JY-000;21-22;Talen;6.5976;6.7045;-0.1068
28. 41211-17JY-000;22-23;Talen;6.7494;6.7562;-0.0069
28. 41211-17JY-000;23-24;Talen;6.675;6.7605;-0.0855
28. 41211-17JY-000;24-25;Talen;6.825;6.8483;-0.0233
29. 41285-20CI-000;21-22;Talen;7.1129;7.0583;0.0546
29. 41285-20CI-000;22-23;Talen;7.1439;7.1085;0.0354
29. 41285-20CI-000;23-24;Talen;7.05;7.1096;-0.0596
29. 41285-20CI-000;24-25;Talen;7.25;7.1986;0.0514
30. 42992-02QO-000;21-22;Talen;6.8741;6.8127;0.0614
30. 42992-02QO-000;22-23;Talen;6.8082;6.8612;-0.0529
30. 42992-02QO-000;23-24;Talen;6.875;6.858;0.017
30. 42992-02QO-000;24-25;Talen;6.9;6.9283;-0.0283
31. 41775-15SC-000;21-22;Talen;6.8878;7.0941;-0.2063
31. 41775-15SC-000;22-23;Talen;7.4206;7.1543;0.2663
31. 41775-15SC-000;23-24;Talen;7.25;7.1518;0.0982
31. 41775-15SC-000;24-25;Talen;7.2;7.2318;-0.0318
32. 20151-14QT-000;21-22;Talen;6.7305;6.7923;-0.0618
32. 20151-14QT-000;22-23;Talen;6.7915;6.8477;-0.0562
32. 20151-14QT-000;23-24;Talen;6.8;6.8511;-0.0511
32. 20151-14QT-000;24-25;Talen;7.125;6.9394;0.1856
33. 41568-20DC-000;21-22;Talen;6.8371;6.6651;0.1721
33. 41568-20DC-000;22-23;Talen;6.8672;6.716;0.1512
33. 41568-20DC-000;23-24;Talen;6.6;6.7203;-0.1203
33. 41568-20DC-000;24-25;Talen;6.5;6.7865;-0.2865
35. 40094-16PA-000;21-22;Talen;7.3048;7.2284;0.0764
35. 40094-16PA-000;22-23;Talen;7.3583;7.2878;0.0705
35. 40094-16PA-000;23-24;Talen;7.2;7.3037;-0.1037
35. 40094-16PA-000;24-25;Talen;7.45;7.4033;0.0467
36. 41475-15JM-000;21-22;Talen;7.1205;7.0529;0.0676
36. 41475-15JM-000;22-23;Talen;7.0623;7.1241;-0.0617
36. 41475-15JM-000;23-24;Talen;7.2;7.1352;0.0648
36. 41475-15JM-000;24-25;Talen;7.075;7.2319;-0.1569
37. 13556-20DG-000;21-22;Talen;6.9928;7.0206;-0.0278
37. 13556-20DG-000;22-23;Talen;7.1253;7.0625;0.0628
37. 13556-20DG-000;23-24;Talen;7.0;7.0732;-0.0732
37. 13556-20DG-000;24-25;Talen;7.325;7.1859;0.1391
38. 42623-20CF-000;21-22;Talen;7.0887;7.0004;0.0883
38. 42623-20CF-000;22-23;Talen;7.0846;7.056;0.0285
38. 42623-20CF-000;23-24;Talen;7.0;7.0505;-0.0505
38. 42623-20CF-000;24-25;Talen;7.0;6.9919;0.0081
41. 42620-01FP-004;21-22;Talen;6.6695;6.824;-0.1544
41. 42620-01FP-004;22-23;Talen;7.0654;6.8841;0.1813
41. 42620-01FP-004;23-24;Talen;6.95;6.8853;0.0647
41. 42620-01FP-004;24-25;Talen;6.85;6.9974;-0.1474
42. 40586-30GC-000;21-22;Talen;6.7708;6.8618;-0.091
42. 40586-30GC-000;22-23;Talen;7.099;6.9249;0.1741
42. 40586-30GC-000;23-24;Talen;6.875;6.9288;-0.0538
42. 40586-30GC-000;24-25;Talen;7.0;7.0297;-0.0297
43. 42621-14RF-006;21-22;Talen;7.2698;7.1397;0.1302
43. 42621-14RF-006;22-23;Talen;7.5111;7.2017;0.3094
43. 42621-14RF-006;23-24;Talen;7.125;7.1997;-0.0747
43. 42621-14RF-006;24-25;Talen;7.2;7.3082;-0.1082
44. 20151-31RY-000;21-22;Talen;6.1776;6.3625;-0.1849
44. 20151-31RY-000;22-23;Talen;6.0935;6.4223;-0.3288
44. 20151-31RY-000;23-24;Talen;6.725;6.4577;0.2673
44. 20151-31RY-000;24-25;Talen;6.6;6.5494;0.0506
45. 99048-19HV-000;21-22;Talen;6.3555;6.3875;-0.032
45. 99048-19HV-000;22-23;Talen;6.3358;6.4389;-0.1031
45. 99048-19HV-000;23-24;Talen;6.4;6.4459;-0.0459
45. 99048-19HV-000;24-25;Talen;6.525;6.5012;0.0238
46. 41298-02VO-000;21-22;Talen;7.0517;7.0178;0.0339
46. 41298-02VO-000;22-23;Talen;7.0718;7.0741;-0.0024
46. 41298-02VO-000;23-24;Talen;7.15;7.0783;0.0717
46. 41298-02VO-000;24-25;Talen;7.05;7.1784;-0.1284
01. 13652-20AA-000;21-22;Gamma;6.1376;6.1765;-0.0389
01. 13652-20AA-000;22-23;Gamma;6.2096;6.3592;-0.1496
01. 13652-20AA-000;23-24;Gamma;6.425;6.4228;0.0022
01. 13652-20AA-000;24-25;Gamma;6.25;6.3678;-0.1178
02. 41208-20CK-000;21-22;Gamma;6.5759;6.4934;0.0825
02. 41208-20CK-000;22-23;Gamma;6.4975;6.6907;-0.1931
02. 41208-20CK-000;23-24;Gamma;6.925;6.7889;0.1361
02. 41208-20CK-000;24-25;Gamma;6.725;6.76;-0.035
03. 13556-21AB-000;21-22;Gamma;6.6644;6.5171;0.1473
03. 13556-21AB-000;22-23;Gamma;6.6283;6.703;-0.0747
03. 13556-21AB-000;23-24;Gamma;6.85;6.789;0.061
03. 13556-21AB-000;24-25;Gamma;6.7;6.7354;-0.0354
04. 40776-01ET-000;21-22;Gamma;6.7592;6.6424;0.1168
04. 40776-01ET-000;22-23;Gamma;6.9024;6.824;0.0783
04. 40776-01ET-000;23-24;Gamma;6.675;6.9083;-0.2333
04. 40776-01ET-000;24-25;Gamma;7.1;6.8577;0.2423
05. 13556-21AF-000;21-22;Gamma;6.1143;6.4341;-0.3198
05. 13556-21AF-000;22-23;Gamma;6.4861;6.6189;-0.1328
05. 13556-21AF-000;23-24;Gamma;6.8;6.7003;0.0997
05. 13556-21AF-000;24-25;Gamma;6.85;6.6607;0.1893
06. 42818-20QU-000;21-22;Gamma;6.0284;6.1423;-0.1139
06. 42818-20QU-000;22-23;Gamma;6.046;6.3166;-0.2707
06. 42818-20QU-000;23-24;Gamma;6.475;6.4011;0.0739
06. 42818-20QU-000;24-25;Gamma;6.4;6.3386;0.0614
07. 13554-20RM-000;21-22;Gamma;6.5202;6.3506;0.1696
07. 13554-20RM-000;22-23;Gamma;6.8089;6.5163;0.2926
07. 13554-20RM-000;23-24;Gamma;6.475;6.5832;-0.1082
07. 13554-20RM-000;24-25;Gamma;6.35;6.507;-0.157
08. 41211-02FY-007;21-22;Gamma;6.3531;6.1459;0.2072
08. 41211-02FY-007;22-23;Gamma;6.4057;6.3147;0.091
08. 41211-02FY-007;23-24;Gamma;6.5333;6.3751;0.1583
08. 41211-02FY-007;24-25;Gamma;5.8667;6.2317;-0.3651
09. 42992-03AM-000;21-22;Gamma;6.0003;6.3622;-0.3618
09. 42992-03AM-000;22-23;Gamma;6.5812;6.5315;0.0497
09. 42992-03AM-000;23-24;Gamma;6.675;6.5901;0.0849
09. 42992-03AM-000;24-25;Gamma;6.525;6.5337;-0.0087
10. 40856-02QP-000;21-22;Gamma;6.1546;6.2732;-0.1186
10. 40856-02QP-000;22-23;Gamma;6.775;6.4416;0.3335
10. 40856-02QP-000;23-24;Gamma;6.6333;6.5081;0.1252
10. 40856-02QP-000;24-25;Gamma;6.4667;6.4142;0.0525
11. 41513-20KZ-000;21-22;Gamma;6.408;6.24;0.168
11. 41513-20KZ-000;22-23;Gamma;6.5343;6.4117;0.1226
11. 41513-20KZ-000;23-24;Gamma;6.5667;6.5052;0.0615
11. 41513-20KZ-000;24-25;Gamma;6.1333;6.478;-0.3447
13. 41386-19ZU-000;21-22;Gamma;6.4249;6.1712;0.2537
13. 41386-19ZU-000;22-23;Gamma;6.2117;6.3477;-0.136
13. 41386-19ZU-000;23-24;Gamma;6.3;6.4326;-0.1326
13. 41386-19ZU-000;24-25;Gamma;6.3;6.3617;-0.0617
14. 41525-20AI-000;21-22;Gamma;6.3447;6.3289;0.0158
14. 41525-20AI-000;22-23;Gamma;6.569;6.499;0.07
14. 41525-20AI-000;23-24;Gamma;6.55;6.5831;-0.0331
14. 41525-20AI-000;24-25;Gamma;6.55;6.5328;0.0172
15. 41360-20LU-000;21-22;Gamma;6.4598;6.4588;0.0011
15. 41360-20LU-000;22-23;Gamma;6.8384;6.6412;0.1972
15. 41360-20LU-000;23-24;Gamma;6.675;6.7219;-0.0469
15. 41360-20LU-000;24-25;Gamma;6.65;6.6658;-0.0158
16. 33944-02DQ-000;21-22;Gamma;6.3552;6.6043;-0.2491
16. 33944-02DQ-000;22-23;Gamma;6.8148;6.7789;0.0359
16. 33944-02DQ-000;23-24;Gamma;6.95;6.8711;0.0789
16. 33944-02DQ-000;24-25;Gamma;6.925;6.8319;0.0931
17. 42510-20BV-000;21-22;Gamma;6.3013;6.2924;0.0089
17. 42510-20BV-000;22-23;Gamma;6.2872;6.469;-0.1818
17. 42510-20BV-000;23-24;Gamma;6.8;6.5544;0.2456
17. 42510-20BV-000;24-25;Gamma;6.4;6.5011;-0.1011
18. 31240-02CR-000;21-22;Gamma;6.4787;6.3875;0.0913
18. 31240-02CR-000;22-23;Gamma;6.3784;6.5554;-0.1771
18. 31240-02CR-000;23-24;Gamma;6.775;6.6456;0.1294
18. 31240-02CR-000;24-25;Gamma;6.8;6.6096;0.1904
19. 13556-20QY-000;21-22;Gamma;6.6704;6.6219;0.0485
19. 13556-20QY-000;22-23;Gamma;6.6725;6.8018;-0.1293
19. 13556-20QY-000;23-24;Gamma;6.825;6.887;-0.062
19. 13556-20QY-000;24-25;Gamma;6.925;6.8506;0.0744
21. 13556-02DW-000;21-22;Gamma;6.3322;6.3397;-0.0075
21. 13556-02DW-000;22-23;Gamma;6.476;6.5045;-0.0285
21. 13556-02DW-000;23-24;Gamma;6.5333;6.5881;-0.0548
21. 13556-02DW-000;24-25;Gamma;6.8333;6.5474;0.2859
22. 13556-20AJ-000;21-22;Gamma;6.3373;6.3497;-0.0124
22. 13556-20AJ-000;22-23;Gamma;6.5544;6.5339;0.0205
22. 13556-20AJ-000;23-24;Gamma;6.575;6.619;-0.044
22. 13556-20AJ-000;24-25;Gamma;6.65;6.5808;0.0692
25. 41347-14WI-000;21-22;Gamma;5.49;5.9602;-0.4702
25. 41347-14WI-000;22-23;Gamma;5.9696;6.1235;-0.1539
25. 41347-14WI-000;23-24;Gamma;6.45;6.1934;0.2566
25. 41347-14WI-000;24-25;Gamma;6.175;6.1659;0.0091
26. 13603-20DL-002;21-22;Gamma;6.0417;6.1099;-0.0682
26. 13603-20DL-002;22-23;Gamma;6.1927;6.3034;-0.1107
26. 13603-20DL-002;23-24;Gamma;6.175;6.3956;-0.2206
26. 13603-20DL-002;24-25;Gamma;6.575;6.3422;0.2328
27. 42505-20DP-000;21-22;Gamma;6.8107;6.7157;0.095
27. 42505-20DP-000;22-23;Gamma;6.728;6.8898;-0.1618
27. 42505-20DP-000;23-24;Gamma;7.025;6.9625;0.0625
27. 42505-20DP-000;24-25;Gamma;7.175;6.8991;0.2759
27. 42505-30GD-000;21-22;Gamma;6.7149;6.7064;0.0085
27. 42505-30GD-000;22-23;Gamma;7.0758;6.8844;0.1914
27. 42505-30GD-000;23-24;Gamma;6.95;6.9754;-0.0254
27. 42505-30GD-000;24-25;Gamma;7.025;6.9053;0.1197
28. 41211-17JY-000;21-22;Gamma;6.1723;6.2798;-0.1075
28. 41211-17JY-000;22-23;Gamma;6.5464;6.4564;0.09
28. 41211-17JY-000;23-24;Gamma;6.7;6.5416;0.1584
28. 41211-17JY-000;24-25;Gamma;6.25;6.492;-0.242
29. 41285-20CI-000;21-22;Gamma;6.6193;6.4039;0.2154
29. 41285-20CI-000;22-23;Gamma;6.7364;6.579;0.1575
29. 41285-20CI-000;23-24;Gamma;6.475;6.6611;-0.1861
29. 41285-20CI-000;24-25;Gamma;6.5;6.6127;-0.1127
30. 42992-02QO-000;21-22;Gamma;6.1998;6.1615;0.0382
30. 42992-02QO-000;22-23;Gamma;6.1404;6.3349;-0.1945
30. 42992-02QO-000;23-24;Gamma;6.575;6.4129;0.1621
30. 42992-02QO-000;24-25;Gamma;6.3;6.3464;-0.0464
31. 41775-15SC-000;21-22;Gamma;6.2144;6.4347;-0.2203
31. 41775-15SC-000;22-23;Gamma;6.627;6.6195;0.0075
31. 41775-15SC-000;23-24;Gamma;6.825;6.6981;0.1269
31. 41775-15SC-000;24-25;Gamma;6.8;6.641;0.159
32. 20151-14QT-000;21-22;Gamma;6.2803;6.2768;0.0035
32. 20151-14QT-000;22-23;Gamma;6.4413;6.4569;-0.0156
32. 20151-14QT-000;23-24;Gamma;6.4667;6.5413;-0.0747
32. 20151-14QT-000;24-25;Gamma;6.7333;6.4922;0.2411
33. 41568-20DC-000;21-22;Gamma;5.6896;5.9873;-0.2977
33. 41568-20DC-000;22-23;Gamma;6.4557;6.1631;0.2926
33. 41568-20DC-000;23-24;Gamma;6.15;6.2484;-0.0984
33. 41568-20DC-000;24-25;Gamma;5.9;6.1779;-0.2779
35. 40094-16PA-000;21-22;Gamma;6.8752;6.7433;0.1319
35. 40094-16PA-000;22-23;Gamma;7.1069;6.9273;0.1797
35. 40094-16PA-000;23-24;Gamma;6.975;7.0237;-0.0487
35. 40094-16PA-000;24-25;Gamma;6.875;6.9856;-0.1106
36. 41475-15JM-000;21-22;Gamma;6.5581;6.5419;0.0163
36. 41475-15JM-000;22-23;Gamma;6.8735;6.7372;0.1363
36. 41475-15JM-000;23-24;Gamma;6.825;6.8291;-0.0041
36. 41475-15JM-000;24-25;Gamma;6.425;6.7882;-0.3632
37. 13556-20DG-000;21-22;Gamma;6.3792;6.4048;-0.0256
37. 13556-20DG-000;22-23;Gamma;6.6531;6.5718;0.0812
37. 13556-20DG-000;23-24;Gamma;6.55;6.6633;-0.1133
37. 13556-20DG-000;24-25;Gamma;6.75;6.6379;0.1121
38. 42623-20CF-000;21-22;Gamma;6.3271;6.4003;-0.0732
38. 42623-20CF-000;22-23;Gamma;6.5774;6.5806;-0.0032
38. 42623-20CF-000;23-24;Gamma;6.675;6.6564;0.0186
38. 42623-20CF-000;24-25;Gamma;6.675;6.4651;0.2099
41. 42620-01FP-004;21-22;Gamma;6.401;6.2676;0.1334
41. 42620-01FP-004;22-23;Gamma;6.6618;6.4523;0.2095
41. 42620-01FP-004;23-24;Gamma;6.275;6.5346;-0.2596
41. 42620-01FP-004;24-25;Gamma;6.225;6.5086;-0.2836
42. 40586-30GC-000;21-22;Gamma;6.2111;6.132;0.0791
42. 40586-30GC-000;22-23;Gamma;6.1363;6.3196;-0.1833
42. 40586-30GC-000;23-24;Gamma;6.375;6.4045;-0.0295
42. 40586-30GC-000;24-25;Gamma;6.2;6.3676;-0.1676
43. 42621-14RF-006;21-22;Gamma;6.789;6.5919;0.1971
43. 42621-14RF-006;22-23;Gamma;7.0007;6.7784;0.2223
43. 42621-14RF-006;23-24;Gamma;6.875;6.8576;0.0174
43. 42621-14RF-006;24-25;Gamma;6.625;6.8281;-0.2031
44. 20151-31RY-000;21-22;Gamma;5.947;6.1493;-0.2023
44. 20151-31RY-000;22-23;Gamma;6.2313;6.3336;-0.1023
44. 20151-31RY-000;23-24;Gamma;6.5667;6.449;0.1177
44. 20151-31RY-000;24-25;Gamma;6.7;6.4031;0.2969
45. 99048-19HV-000;21-22;Gamma;6.1539;5.9674;0.1865
45. 99048-19HV-000;22-23;Gamma;5.9712;6.1436;-0.1724
45. 99048-19HV-000;23-24;Gamma;5.95;6.2316;-0.2816
45. 99048-19HV-000;24-25;Gamma;6.35;6.1506;0.1994
46. 41298-02VO-000;21-22;Gamma;6.7005;6.429;0.2715
46. 41298-02VO-000;22-23;Gamma;6.3219;6.61;-0.2881
46. 41298-02VO-000;23-24;Gamma;6.575;6.6952;-0.1202
46. 41298-02VO-000;24-25;Gamma;6.575;6.6575;-0.0825
